/*
Navicat MySQL Data Transfer

Source Server         : LOCALServer
Source Server Version : 50505
Source Host           : localhost:3306
Source Database       : hirepdb

Target Server Type    : MYSQL
Target Server Version : 50505
File Encoding         : 65001

Date: 2018-08-22 10:30:32
*/

SET FOREIGN_KEY_CHECKS=0;

-- ----------------------------
-- Table structure for rep_depart
-- ----------------------------
DROP TABLE IF EXISTS `rep_depart`;
CREATE TABLE `rep_depart` (
  `depart_id` int(11) NOT NULL AUTO_INCREMENT,
  `depart_code` char(5) DEFAULT NULL,
  `depart_group` char(5) CHARACTER SET tis620 DEFAULT NULL,
  `depart_name` varchar(255) DEFAULT NULL,
  `comment` varchar(255) DEFAULT NULL,
  PRIMARY KEY (`depart_id`)
) ENGINE=MyISAM AUTO_INCREMENT=1001 DEFAULT CHARSET=utf8;

-- ----------------------------
-- Records of rep_depart
-- ----------------------------
INSERT INTO `rep_depart` VALUES ('26', 'D04', 'D35', 'ศูนย์คุณภาพ', null);
INSERT INTO `rep_depart` VALUES ('5', 'D03', 'D35', 'กลุ่มงานผู้ป่วยนอก', null);
INSERT INTO `rep_depart` VALUES ('6', 'D02', 'D35', 'กลุ่มงานผู้ป่วยใน', null);
INSERT INTO `rep_depart` VALUES ('11', 'D01', 'D13', 'กลุ่มงานเวชระเบียนและห้องบัตร', null);
INSERT INTO `rep_depart` VALUES ('16', 'D05', 'D05', 'ฝ่ายทันตสาธารณสุข', null);
INSERT INTO `rep_depart` VALUES ('10', 'D06', 'D35', 'กลุ่มงานอุบัติเหตุ-ฉุกเฉิน', null);
INSERT INTO `rep_depart` VALUES ('8', 'D07', 'D35', 'กลุ่มงานห้องคลอด', null);
INSERT INTO `rep_depart` VALUES ('9', 'D08', 'D35', 'กลุ่มงานห้องผ่าตัด', null);
INSERT INTO `rep_depart` VALUES ('24', 'D11', '', 'ฝ่ายเภสัชสาธารณสุขและคุ้มครองผู้บริโภค', null);
INSERT INTO `rep_depart` VALUES ('2', 'D12', 'D35', 'กลุ่มงานจ่ายกลาง-ซักฟอก', null);
INSERT INTO `rep_depart` VALUES ('19', 'D13', '', 'ฝ่ายประกันสุขภาพ', null);
INSERT INTO `rep_depart` VALUES ('23', 'D14', '', 'ฝ่ายเทคนิคการแพทย์', null);
INSERT INTO `rep_depart` VALUES ('13', 'D15', 'D35', 'คลินิกให้คำปรึกษา', null);
INSERT INTO `rep_depart` VALUES ('30', 'D16', 'D19', 'ห้องเก็บเงิน', null);
INSERT INTO `rep_depart` VALUES ('21', 'D17', '', 'ฝ่ายรังสีวิทยา', null);
INSERT INTO `rep_depart` VALUES ('29', 'D18', 'D17', 'ศูนย์เทคโนโลยีสารสนเทศ', null);
INSERT INTO `rep_depart` VALUES ('18', 'D19', '', 'ฝ่ายบริหารทั่วไป', null);
INSERT INTO `rep_depart` VALUES ('22', 'D20', '', 'ฝ่ายสุขาภิบาลและควบคุมโรค', null);
INSERT INTO `rep_depart` VALUES ('14', 'D21', '', 'ฝ่ายกายภาพบำบัด', null);
INSERT INTO `rep_depart` VALUES ('17', 'D22', '', 'ฝ่ายบริการด้านปฐมภูมิและองค์รวม', null);
INSERT INTO `rep_depart` VALUES ('25', 'D23', '', 'ฝ่ายแพทย์แผนไทย', null);
INSERT INTO `rep_depart` VALUES ('12', 'D24', 'D19', 'กลุ่มงานโภชนาการอาหาร', null);
INSERT INTO `rep_depart` VALUES ('4', 'D25', 'D19', 'กลุ่มงานประชาสัมพันธ์', null);
INSERT INTO `rep_depart` VALUES ('28', 'D26', 'D19', 'ศูนย์ยานพาหนะ', null);
INSERT INTO `rep_depart` VALUES ('20', 'D27', '', 'ฝ่ายยุทธศาสตร์', null);
INSERT INTO `rep_depart` VALUES ('31', 'D33', '', 'องค์กรแพทย์', null);
INSERT INTO `rep_depart` VALUES ('27', 'D34', '', 'ศูนย์ช่างบำรุง', null);
INSERT INTO `rep_depart` VALUES ('15', 'D35', '', 'ฝ่ายการพยาบาล', null);
INSERT INTO `rep_depart` VALUES ('1', 'D36', 'D19', 'กลุ่มงานการเงินและบัญชี', null);
INSERT INTO `rep_depart` VALUES ('7', 'D37', 'D19', 'กลุ่มงานพัสดุ', null);
INSERT INTO `rep_depart` VALUES ('3', 'D38', 'D19', 'กลุ่มงานธุรการ', null);

-- ----------------------------
-- Table structure for rep_hospital_info
-- ----------------------------
DROP TABLE IF EXISTS `rep_hospital_info`;
CREATE TABLE `rep_hospital_info` (
  `id` int(10) unsigned NOT NULL AUTO_INCREMENT,
  `header` varchar(255) DEFAULT NULL,
  `data` varchar(255) DEFAULT NULL,
  `comment` text,
  PRIMARY KEY (`id`)
) ENGINE=InnoDB AUTO_INCREMENT=15 DEFAULT CHARSET=tis620;

-- ----------------------------
-- Records of rep_hospital_info
-- ----------------------------
INSERT INTO `rep_hospital_info` VALUES ('1', 'hospcode', '10957', 'รหัสโรงพยาบาล');
INSERT INTO `rep_hospital_info` VALUES ('2', 'hospname', 'โรงพยาบาลตาลสุม', 'ชื่อโรงพยาบาล');
INSERT INTO `rep_hospital_info` VALUES ('3', 'hosplevel', 'F2', 'ระดับโรงพยาบาล');
INSERT INTO `rep_hospital_info` VALUES ('4', 'hosp_bed', '30', 'จำนวนเตียง');
INSERT INTO `rep_hospital_info` VALUES ('5', 'hosp_website', 'http://203.113.117.68/', 'เว็บไซต์โรงพยาบาล');
INSERT INTO `rep_hospital_info` VALUES ('6', 'hosp_tel', '045-427137', 'เบอร์โทรศัพท์');
INSERT INTO `rep_hospital_info` VALUES ('7', 'changwat', '34', 'รหัสจังหวัด');
INSERT INTO `rep_hospital_info` VALUES ('8', 'ampur', '20', 'รหัสอำเภอ');
INSERT INTO `rep_hospital_info` VALUES ('9', 'tambon', '01', 'รหัสตำบล');
INSERT INTO `rep_hospital_info` VALUES ('10', 'mooban', '', 'รหัสหมู่บ้าน');
INSERT INTO `rep_hospital_info` VALUES ('11', 'addresspart', null, 'บ้านเลขที่');
INSERT INTO `rep_hospital_info` VALUES ('14', 'Fax', '123445', 'โทรสาร');

-- ----------------------------
-- Table structure for rep_levels
-- ----------------------------
DROP TABLE IF EXISTS `rep_levels`;
CREATE TABLE `rep_levels` (
  `level_id` int(11) NOT NULL AUTO_INCREMENT,
  `level_name` varchar(255) COLLATE utf8_unicode_ci DEFAULT NULL,
  `comment` varchar(255) COLLATE utf8_unicode_ci DEFAULT NULL,
  PRIMARY KEY (`level_id`) USING BTREE
) ENGINE=InnoDB AUTO_INCREMENT=6 DEFAULT CHARSET=utf8 COLLATE=utf8_unicode_ci ROW_FORMAT=COMPACT;

-- ----------------------------
-- Records of rep_levels
-- ----------------------------
INSERT INTO `rep_levels` VALUES ('1', 'Users', 'เจ้าหน้าที่โรงพยาบาล');
INSERT INTO `rep_levels` VALUES ('2', 'Super User', 'องค์กรแพทย์ พยาบาล');
INSERT INTO `rep_levels` VALUES ('3', 'Supervisor', 'นักวิชาการคอมพิวเตอร์');
INSERT INTO `rep_levels` VALUES ('4', 'Administrator', 'ผู้ดูแลระบบ');
INSERT INTO `rep_levels` VALUES ('5', 'TB', 'ผูู้ดูแลโรคติดต่อ');

-- ----------------------------
-- Table structure for rep_menu
-- ----------------------------
DROP TABLE IF EXISTS `rep_menu`;
CREATE TABLE `rep_menu` (
  `menu_id` int(11) NOT NULL AUTO_INCREMENT,
  `menu_name` varchar(50) DEFAULT NULL,
  `description` text,
  `status` char(1) DEFAULT NULL,
  `rout` varchar(255) DEFAULT NULL,
  PRIMARY KEY (`menu_id`)
) ENGINE=InnoDB AUTO_INCREMENT=27 DEFAULT CHARSET=tis620;

-- ----------------------------
-- Records of rep_menu
-- ----------------------------
INSERT INTO `rep_menu` VALUES ('2', 'ผู้ป่วยนอก', 'opd', '1', 'opd');
INSERT INTO `rep_menu` VALUES ('3', 'ผู้ป่วยใน', 'IPD', '1', 'ipd');
INSERT INTO `rep_menu` VALUES ('4', 'คลีนิคพิเศษ', 'SPC', '1', 'spc');
INSERT INTO `rep_menu` VALUES ('5', 'เภสัชกรรม', 'PHM', '1', 'phm');
INSERT INTO `rep_menu` VALUES ('6', 'เทคนิคการแพทย์', 'LAB', '1', 'lab');
INSERT INTO `rep_menu` VALUES ('7', 'แพทย์แผนไทย', 'TTM', '1', 'ttm');
INSERT INTO `rep_menu` VALUES ('9', 'การเงิน', 'MGR', '1', 'mgr');
INSERT INTO `rep_menu` VALUES ('10', 'ห้องผ่าตัด', 'OR', '1', 'or');
INSERT INTO `rep_menu` VALUES ('11', 'ห้องคลอด', 'LR', '1', 'lr');
INSERT INTO `rep_menu` VALUES ('12', 'งานเอกซเรย์', 'XRAY', '1', 'xray');
INSERT INTO `rep_menu` VALUES ('14', 'ประกัน', 'SSO', '1', 'sso');
INSERT INTO `rep_menu` VALUES ('15', 'Refer', 'Refer', '1', 'Refer');
INSERT INTO `rep_menu` VALUES ('16', 'อุบัติเหตุ', 'อุบัติเหตุ', '1', 'er');
INSERT INTO `rep_menu` VALUES ('17', 'เสียชีวิต', 'DEAD', '1', 'dead');
INSERT INTO `rep_menu` VALUES ('18', 'PCU', 'PCU', '1', 'PCU');
INSERT INTO `rep_menu` VALUES ('19', 'คลีนิคให้คำปรึกษา', 'คลีนิคให้คำปรึกษา', '1', 'family');
INSERT INTO `rep_menu` VALUES ('20', 'โรคติดต่อ', 'โรคติดต่อ', '1', 'infected');
INSERT INTO `rep_menu` VALUES ('21', 'ห้องบัตร', 'CARD', '1', 'card');
INSERT INTO `rep_menu` VALUES ('22', 'โรคไม่ติดต่อ', 'ncd', '1', 'ncd');
INSERT INTO `rep_menu` VALUES ('23', 'สูตินารีเวช', 'gyn', '1', 'gyn');
INSERT INTO `rep_menu` VALUES ('24', 'ศัลยกรรม', 'surg', '1', 'surg');
INSERT INTO `rep_menu` VALUES ('25', 'อายุรกรรม', 'med', '1', 'med');
INSERT INTO `rep_menu` VALUES ('26', 'เด็ก', 'child', '1', 'child');

-- ----------------------------
-- Table structure for rep_menu_item
-- ----------------------------
DROP TABLE IF EXISTS `rep_menu_item`;
CREATE TABLE `rep_menu_item` (
  `item_id` int(10) unsigned NOT NULL AUTO_INCREMENT,
  `menu_id` int(11) NOT NULL,
  `item_name` varchar(255) NOT NULL,
  `comment` text,
  `item_status` varchar(1) DEFAULT NULL,
  PRIMARY KEY (`item_id`)
) ENGINE=InnoDB AUTO_INCREMENT=21 DEFAULT CHARSET=tis620;

-- ----------------------------
-- Records of rep_menu_item
-- ----------------------------
INSERT INTO `rep_menu_item` VALUES ('1', '2', 'ผู้ป่วยนอก', 'MDR', '1');
INSERT INTO `rep_menu_item` VALUES ('2', '9', 'การเงิน', 'การเงิน', '1');
INSERT INTO `rep_menu_item` VALUES ('7', '15', 'refer', 'refer', '1');
INSERT INTO `rep_menu_item` VALUES ('8', '16', 'อุบัติเหตุ', null, '1');
INSERT INTO `rep_menu_item` VALUES ('9', '17', 'เสียชีวิต', null, '1');
INSERT INTO `rep_menu_item` VALUES ('10', '10', 'ห้องผ่าตัด', 'or', '1');
INSERT INTO `rep_menu_item` VALUES ('11', '3', 'ผู้ป่วยใน', 'ipd', '1');
INSERT INTO `rep_menu_item` VALUES ('12', '18', 'pcu', 'สรุป Hba1c  ราย PCU', '1');
INSERT INTO `rep_menu_item` VALUES ('13', '20', 'โรคติดต่อ', 'วัณโรค', '1');
INSERT INTO `rep_menu_item` VALUES ('14', '21', 'ห้องบัตร', 'card', '1');
INSERT INTO `rep_menu_item` VALUES ('15', '22', 'โรคไม่ติดต่อ', 'โรคจิต', '1');
INSERT INTO `rep_menu_item` VALUES ('17', '23', 'สูตินารีเวช', 'test', '1');
INSERT INTO `rep_menu_item` VALUES ('18', '24', 'ศัลยกรรม', 'test', '1');
INSERT INTO `rep_menu_item` VALUES ('19', '25', 'อายุรกรรม ', 'test', '1');
INSERT INTO `rep_menu_item` VALUES ('20', '26', 'เด็ก', 'test', '1');

-- ----------------------------
-- Table structure for rep_people
-- ----------------------------
DROP TABLE IF EXISTS `rep_people`;
CREATE TABLE `rep_people` (
  `people_id` int(8) NOT NULL AUTO_INCREMENT,
  `title_id` int(3) DEFAULT NULL COMMENT '1:นาย  2:นางสาว 3:นาง ',
  `fname` varchar(255) DEFAULT NULL,
  `lname` varchar(255) DEFAULT NULL,
  `sex` varchar(1) DEFAULT NULL COMMENT '1:ชาย 2:หญิง 3:เพศทางเลือก',
  `cid` varchar(13) CHARACTER SET utf8 COLLATE utf8_bin DEFAULT NULL,
  `hn` int(8) DEFAULT NULL,
  `birthdate` date DEFAULT NULL,
  `position_id` int(3) DEFAULT NULL,
  `position_fte_id` int(3) DEFAULT NULL,
  `fte_sub_dep_group_id` int(11) DEFAULT NULL,
  `sub_dep_group_id` int(11) DEFAULT NULL,
  `expire` date DEFAULT NULL,
  `lastupdate` timestamp NULL DEFAULT NULL ON UPDATE CURRENT_TIMESTAMP,
  PRIMARY KEY (`people_id`) USING BTREE,
  KEY `fname` (`fname`) USING BTREE,
  KEY `lname` (`lname`) USING BTREE,
  KEY `lastupdate` (`lastupdate`) USING BTREE
) ENGINE=InnoDB AUTO_INCREMENT=2 DEFAULT CHARSET=utf8 ROW_FORMAT=COMPACT;

-- ----------------------------
-- Records of rep_people
-- ----------------------------
INSERT INTO `rep_people` VALUES ('1', '1', 'Thawatchai', 'Saengduan', 'm', '3341200274298', '40701', '1981-05-05', '29', null, null, null, '2007-02-01', '2018-04-20 09:24:38');

-- ----------------------------
-- Table structure for rep_position
-- ----------------------------
DROP TABLE IF EXISTS `rep_position`;
CREATE TABLE `rep_position` (
  `position_id` int(11) NOT NULL AUTO_INCREMENT,
  `position_name` varchar(255) DEFAULT NULL,
  `comment` varchar(255) DEFAULT NULL,
  PRIMARY KEY (`position_id`)
) ENGINE=MyISAM AUTO_INCREMENT=48 DEFAULT CHARSET=utf8;

-- ----------------------------
-- Records of rep_position
-- ----------------------------
INSERT INTO `rep_position` VALUES ('1', 'นายแพทย์', null);
INSERT INTO `rep_position` VALUES ('2', 'พยาบาลวิชาชีพ', null);
INSERT INTO `rep_position` VALUES ('3', 'นักจัดการงานทั่วไป', null);
INSERT INTO `rep_position` VALUES ('4', 'เภสัชกร', null);
INSERT INTO `rep_position` VALUES ('5', 'ทันตแพทย์', null);
INSERT INTO `rep_position` VALUES ('6', 'นักวิชาการคอมพิวเตอร์', null);
INSERT INTO `rep_position` VALUES ('7', 'เจ้าหน้าที่งานบุคคล', null);
INSERT INTO `rep_position` VALUES ('8', 'เจ้าหน้าที่พัสดุ', null);
INSERT INTO `rep_position` VALUES ('9', 'เจ้าพนักงานคอมพิวเตอร์', null);
INSERT INTO `rep_position` VALUES ('10', 'เจ้าพนักงานเวชสถิติ', null);
INSERT INTO `rep_position` VALUES ('11', 'เจ้าพนักงานธุรการ', null);
INSERT INTO `rep_position` VALUES ('12', 'นักวิชาการสาธารณสุข', null);
INSERT INTO `rep_position` VALUES ('13', 'พนักงานธุรการ', null);
INSERT INTO `rep_position` VALUES ('14', 'เจ้าพนักงานการเงินและบัญชี', null);
INSERT INTO `rep_position` VALUES ('15', 'เจ้าพนักงานวิทยาศาสตร์การแพทย์', null);
INSERT INTO `rep_position` VALUES ('16', 'เจ้าพนักงานรังสีการแพทย์', null);
INSERT INTO `rep_position` VALUES ('17', 'เจ้าพนักงานทันตสาธารณสุข', null);
INSERT INTO `rep_position` VALUES ('18', 'เจ้าพนักงานเภสัชกรรม', null);
INSERT INTO `rep_position` VALUES ('19', 'พนักงานขับรถยนต์', null);
INSERT INTO `rep_position` VALUES ('20', 'พนักงานช่วยเหลือคนไข้', null);
INSERT INTO `rep_position` VALUES ('21', 'พนักงานโทรศัพท์', null);
INSERT INTO `rep_position` VALUES ('22', 'นักวิชาการเงินและบัญชี', null);
INSERT INTO `rep_position` VALUES ('23', 'นักกายภาพบำบัด', null);
INSERT INTO `rep_position` VALUES ('24', 'นักเทคนิคการแพทย์', null);
INSERT INTO `rep_position` VALUES ('25', 'นักโภชนาการ', null);
INSERT INTO `rep_position` VALUES ('26', 'นักประชาสัมพันธ์', null);
INSERT INTO `rep_position` VALUES ('27', 'นักรังสีการแพทย์', null);
INSERT INTO `rep_position` VALUES ('28', 'นายช่างเทคนิค', null);
INSERT INTO `rep_position` VALUES ('29', 'พนักงานบันทึกข้อมูล', null);
INSERT INTO `rep_position` VALUES ('30', 'พนักงานช่วยการพยาบาล', null);
INSERT INTO `rep_position` VALUES ('31', 'ผู้ช่วยทันตกรรม', null);
INSERT INTO `rep_position` VALUES ('32', 'ผู้ช่วยกายภาพบำบัด', null);
INSERT INTO `rep_position` VALUES ('33', 'พนักงานทั่วไป', null);
INSERT INTO `rep_position` VALUES ('34', 'พนักงานกู้ชีพ', null);
INSERT INTO `rep_position` VALUES ('35', 'แพทย์ทางเลือก', null);
INSERT INTO `rep_position` VALUES ('36', 'ผู้ช่วยเภสัชกร', null);
INSERT INTO `rep_position` VALUES ('37', 'เวชกิจฉุกเฉิน', null);
INSERT INTO `rep_position` VALUES ('38', 'เจ้าพนักงานแพทย์ทางเลือก', null);
INSERT INTO `rep_position` VALUES ('39', 'พนักงานการแพทย์และรังสีเทคนิค', null);
INSERT INTO `rep_position` VALUES ('40', 'พนักงานผู้ช่วยทันตกรรม', null);
INSERT INTO `rep_position` VALUES ('41', 'เจ้าพนักงานสาธารณสุขชุมชน', null);
INSERT INTO `rep_position` VALUES ('42', 'พนักงานบริการ', null);
INSERT INTO `rep_position` VALUES ('43', 'พนักงานซักฟอก', null);
INSERT INTO `rep_position` VALUES ('44', 'พนักงานเกษตรพื้นฐาน', null);
INSERT INTO `rep_position` VALUES ('45', 'พนักงานประกอบอาหาร', null);
INSERT INTO `rep_position` VALUES ('46', 'คนงาน', null);
INSERT INTO `rep_position` VALUES ('47', 'แพทย์แผนไทย', null);

-- ----------------------------
-- Table structure for rep_sub_menu_item
-- ----------------------------
DROP TABLE IF EXISTS `rep_sub_menu_item`;
CREATE TABLE `rep_sub_menu_item` (
  `sub_item_id` int(10) unsigned NOT NULL AUTO_INCREMENT,
  `main_query_id` int(10) DEFAULT NULL,
  `item_id` int(11) NOT NULL,
  `sub_item_name` varchar(255) DEFAULT NULL,
  `query_sql` text,
  `query_params` varchar(255) DEFAULT NULL,
  `column_selected` varchar(255) DEFAULT NULL,
  `template` text,
  `comment` text,
  `sub_item_status` varchar(1) DEFAULT NULL,
  `level_id` int(11) DEFAULT NULL,
  `date_update` date DEFAULT NULL,
  PRIMARY KEY (`sub_item_id`)
) ENGINE=InnoDB AUTO_INCREMENT=87 DEFAULT CHARSET=tis620;

-- ----------------------------
-- Records of rep_sub_menu_item
-- ----------------------------
INSERT INTO `rep_sub_menu_item` VALUES ('1', '1', '1', 'OP Visit', 'SELECT if(month(o.vstdttm) < 10, year(o.vstdttm),year(o.vstdttm)) as yearbudget,count(o.vn) as total FROM ovst AS o WHERE o.an = 0 GROUP BY yearbudget ORDER BY yearbudget DESC LIMIT 5', null, null, null, 'OP VISIT  ไม่นับเคส ADMIT', null, null, null);
INSERT INTO `rep_sub_menu_item` VALUES ('2', '2', '1', 'Top10', 'select a.icd10,a.c5opd,icd101.icd10name from(SELECT\novstdx.icd10, \n \nCount(ovstdx.id) AS c5opd\nFROM\novst\nINNER JOIN ovstdx ON ovstdx.vn = ovst.vn\n\nWHERE\nDATE_FORMAT(ovst.vstdttm,\'%Y-%m-%d\') BETWEEN \'2000-01-01\' AND \'2013-02-01\'\n\nAND NOT (ovstdx.icd10 like \'V%\' OR ovstdx.icd10  LIKE \'W%\'OR ovstdx.icd10  LIKE \'X%\'OR ovstdx.icd10  LIKE \'Y%\')\n	 and ovstdx.icd10 not in( \'Z370\',\'Z232\',\'Z246\'\n,\'Z480\',\'Z133\',\'Z00\',\'Z242\',\'U77\') \n      AND ovst.an=0\ngroup by ovstdx.icd10\norder by c5opd  desc\nlimit 10)as a INNER JOIN icd101 on icd101.icd10 = a.icd10  ORDER BY c5opd  desc', null, null, null, 'ทดสอบ', null, null, null);
INSERT INTO `rep_sub_menu_item` VALUES ('4', '4', '1', 'จำนวนผู้ป่วยด้วยโรค', 'SELECT icd10,count(o.vn) as total from ovst as o inner join ovstdx as x on o.vn=x.vn where date(o.vstdttm) between ? and ? and x.icd10 = ? ', 'datestart,dateend,icd10', null, null, null, null, null, null);
INSERT INTO `rep_sub_menu_item` VALUES ('5', '5', '1', 'ผู้ป่วยรับบริการตาม คลินิค', 'select  a.namecln,a.cln,sum(a.cns) as tnumber\nfrom(\n\nSELECT ovst.vn, \n	ovst.vstdttm, \n	ovst.hn,\n    count(ovst.vn) as cns, \n	ovst.cln, \n	cln.namecln\nFROM cln INNER JOIN ovst ON cln.cln = ovst.cln\nWHERE DATE_FORMAT(ovst.vstdttm,\'%Y-%m-%d\') between ? and ?   group by ovst.vn) as a GROUP BY a.cln ORDER BY tnumber desc', 'datestart,dateend', null, null, null, null, null, null);
INSERT INTO `rep_sub_menu_item` VALUES ('6', '6', '7', 'OPD&ER', 'SELECT\n  \na.vsttime  as time,\n cln.namecln  as inscl,\n\nicd101.icd10name,\n \nhospcode.off_name1  as can\nfrom\n\n(SELECT orfro.rfrlct, \n	orfro.cln, \n	orfro.rfrcs, \n	orfro.icd10, \n	orfro.vstdate, \n	orfro.vsttime, \n	orfro.ward\nFROM orfro\nWHERE DATE_FORMAT(orfro.vstdate,\'%Y-%m-%d\') between ? and ? and orfro.cln is not  null\nORDER BY orfro.vsttime asc) as a   \nINNER join icd101 on icd101.icd10 = a.icd10\nINNER join cln on cln.cln =a.cln\ninner join  hospcode on hospcode.off_id = a.rfrlct\n', 'datestart,dateend', null, null, null, null, null, null);
INSERT INTO `rep_sub_menu_item` VALUES ('7', '7', '7', 'รับ refer', 'SELECT\nDATE_FORMAT(a.rgtdate ,\'%Y-%m-%d\')  as วันที่,\n  a.rgttime as เวลา,\n  idpm.nameidpm  as ตึกที่รับ,\n  icd101.icd10name  โรค,\nhospcode.off_name1  as รพที่ส่ง\n\n\nfrom\n(SELECT \n \n \n	orfri.rfrno, \n	\norfri.rfrlct, \n      ipt.ward, \n  ipt.prediag,\n	ipt.rgtdate, \n	ipt.rgttime\nFROM ipt  \n\nINNER JOIN orfri ON ipt.vn = orfri.vn\n	  where  DATE_FORMAT(ipt.rgtdate ,\'%Y-%m-%d\')BETWEEN ? and ?) as a\nINNER JOIN hospcode on hospcode.off_id = a.rfrlct\nINNER JOIN icd101 on icd101.icd10 = a.prediag\nINNER join idpm on idpm.idpm =a.ward  ORDER BY a.rgttime  asc', 'datestart,dateend', null, null, null, null, null, null);
INSERT INTO `rep_sub_menu_item` VALUES ('8', '8', '7', 'ผู้ป่วยในส่ง', 'SELECT\n  DATE_FORMAT(a.vstdate,\'%d-%m-%Y\') as วันที่,\na.vsttime  as เวลา,\n \nidpm.nameidpm as ตึก,\nicd101.icd10name  as ชื่อโรค,\n \nhospcode.off_name1  as สถานที่ส่ง\nfrom\n\n(SELECT orfro.rfrlct, \n \n	orfro.rfrcs, \n	orfro.icd10, \n	orfro.vstdate, \n	orfro.vsttime, \n	orfro.ward\nFROM orfro\nWHERE DATE_FORMAT(orfro.vstdate,\'%Y-%m-%d\')  BETWEEN ?  and ?\nORDER BY orfro.vsttime asc) as a   \nINNER join icd101 on icd101.icd10 = a.icd10\nINNER join idpm on idpm.idpm =a.ward\ninner join  hospcode on hospcode.off_id = a.rfrlct', 'datestart,dateend', null, null, null, null, null, null);
INSERT INTO `rep_sub_menu_item` VALUES ('9', '9', '8', 'สาเหตุจากอุบัติเหตุ', 'SELECT\n\nacci.nameacci  as สาเหตุ,\n a.icd103 as รหัสโรค,\n a.icd10name  as ชื่อโรค,\nCOUNT(a.traffic) AS  จำนวน\n\nfrom\n(SELECT emergency.vn, \n	emergency.traffic, \n	emergency.vstdttm, \n	ovst.hn, \n	  \n group_CONCAT(ovstdx.icd10 SEPARATOR \',\') AS icd103,\n group_CONCAT(icd101.icd10name SEPARATOR \',\') AS icd10name\n\n	 \nFROM emergency INNER JOIN ovst ON ovst.vn = emergency.vn AND ovst.vstdttm = emergency.vstdttm\n	 INNER JOIN acci ON acci.codeacci = emergency.traffic\n	 INNER JOIN ovstdx ON ovstdx.vn = ovst.vn\n      INNER join icd101  on icd101.icd10 = ovstdx.icd10\nWHERE DATE_FORMAT(emergency.vstdttm,\'%Y-%m-%d\') BETWEEN  ?  and ?   GROUP BY  emergency.traffic,emergency.traffic,emergency.vstdttm,ovst.hn) as a\n INNER join acci on acci.codeacci =a.traffic    GROUP BY  a.traffic  ORDER BY  a.traffic  asc', 'datestart,dateend', null, null, null, null, null, null);
INSERT INTO `rep_sub_menu_item` VALUES ('10', '10', '8', 'สถานะอุบัติเหตุ', 'SELECT \nDATE_FORMAT(emergency.vstdttm,\'%Y-%m-%d\') as วันที่,\nDATE_FORMAT(emergency.vstdttm,\'%H:%i\') AS เวลา, \n	group_CONCAT(ovstdx.icd10 SEPARATOR \',\') AS รหัสโรค, \n	group_CONCAT(icd101.icd10name SEPARATOR \',\') AS ชื่อโรค, \n	\n(\n  CASE ovst.ovstost\n  WHEN \'1\' THEN \'กลับบ้าน\'\n  WHEN \'2\' THEN  \'ตาย\'\n  WHEN  \'3\' THEN \'Refer\'\n  WHEN  \'4\' THEN  \'Admitted\'\n\n ELSE\n \'\' \n  END\n ) AS  สถานะ \n	 \n\n\n \nFROM emergency INNER JOIN ovst ON ovst.vn = emergency.vn AND ovst.vstdttm = emergency.vstdttm\n	 INNER JOIN acci ON acci.codeacci = emergency.traffic\n	 INNER JOIN ovstdx ON ovstdx.vn = ovst.vn\n	 INNER JOIN icd101 ON icd101.icd10 = ovstdx.icd10\nWHERE DATE_FORMAT(emergency.vstdttm,\'%Y-%m-%d\') BETWEEN  ?  and ?\nGROUP BY emergency.traffic,emergency.vstdttm,ovst.hn', 'datestart,dateend', null, null, null, null, null, null);
INSERT INTO `rep_sub_menu_item` VALUES ('11', '11', '9', 'เสียชวิตผู้ป่วยนอก', 'SELECT\nDATE_FORMAT(a.vstdate,\'%Y-%m-%d\') AS  วันที่,\na.vsttime  as  เวลา,\na.icd10 as  รหัส,\na.icd10name  as ชื่อโรค,\ncln.namecln  as  คลินิค \nfrom\n\n(SELECT ovstost.ovstost, \n	ovstost.nameovstos, \n	DATE_FORMAT(ovst.vstdttm,\'%Y-%m-%d\') AS vstdate, \n    DATE_FORMAT(ovst.vstdttm,\'%H:%i:%s\') AS vsttime,\n	ovst.hn, \n	 ovst.cln,\n  group_CONCAT(ovstdx.icd10 SEPARATOR \',\') AS icd10,\n group_CONCAT(icd101.icd10name SEPARATOR \',\') AS icd10name\nFROM \novstost \nINNER JOIN ovst ON ovstost.ovstost = ovst.ovstost\nINNER JOIN ovstdx ON ovstdx.vn = ovst.vn\nINNER join icd101 on icd101.icd10 = ovstdx.icd10\nWHERE DATE_FORMAT(ovst.vstdttm,\'%Y-%m-%d\')   between ?  and ?\nand\novstost.ovstost = \'2\'  \nGROUP by  ovst.vstdttm,ovst.hn) as a \n\nINNER join cln on cln.cln  =  a.cln  ORDER BY  a.vstdate desc\n', 'datestart,dateend', null, null, null, '0', null, null);
INSERT INTO `rep_sub_menu_item` VALUES ('12', '12', '9', 'เสียชวิตผู้ป่วยใน', 'select\nDATE_FORMAT(a.dchdate,\'%Y-%m-%d\') AS  วันที่,\n\na.dchtime  as   เวลา,\na.icd10name  as  ชื่อโรค,\na.nameidpm  as ตึก\n\n\nfrom(SELECT ipt.ward,  \n     ipt.an,\n	ipt.dchdate, \ngroup_CONCAT(iptdx.icd10 SEPARATOR \',\') AS icd10,\nGROUP_CONCAT(icd101.icd10name SEPARATOR \',\') AS icd10name,\n     ipt.dchtime ,\n     idpm.nameidpm\n     \n     \nFROM iptdx INNER JOIN ipt ON iptdx.an = ipt.an\n\n\n INNER JOIN icd101  on icd101.icd10 = iptdx.icd10\n INNER JOIN idpm  on idpm.idpm = ipt.ward\n\nWHERE ipt.dchdate  between ?\n and ?  and ipt.dchtype in(\'8\',\'9\')\n\n group by ipt.an,ipt.dchdate,ipt.dchtime,ipt.ward) as a  ORDER BY   a.dchdate, a.dchtime  asc\n', 'datestart,dateend', null, null, null, null, null, null);
INSERT INTO `rep_sub_menu_item` VALUES ('17', '17', '10', '20อันดับให้ยาระงับความรู้สึก', 'SELECT  a.icd9cm,\na.icd9name,\na.cicdcm \n\nfrom\n(\nSELECT\nCount(op.icd9cm) AS cicdcm,\nop.icd9cm,\nicd9cm2.icd9name,\nop.orno,\nors.anes,\nors.opstrdate,\nans.anstype\nFROM\nors\nINNER JOIN op ON ors.orno = op.orno\nINNER JOIN icd9cm2 ON icd9cm2.icd9cm = op.icd9cm\nINNER JOIN ans ON ans.orno = ors.orno\nwhere  ors.opstrdate BETWEEN ? and   ?\nand  ans.anstype  <> \'09\'   and  ans.anstype  <> \'\'\nGROUP BY op.icd9cm) as a  ORDER BY    a.cicdcm  desc  ', 'datestart,dateend', null, null, null, null, null, null);
INSERT INTO `rep_sub_menu_item` VALUES ('18', '18', '10', '20 อันดับยาชาเฉพาะที่', 'SELECT  a.icd9cm,\na.icd9name,\na.cicdcm \n\nfrom\n(\nSELECT\nCount(op.icd9cm) AS cicdcm,\nop.icd9cm,\nicd9cm2.icd9name,\nop.orno,\nors.anes,\nors.opstrdate,\nans.anstype\nFROM\nors\nINNER JOIN op ON ors.orno = op.orno\nINNER JOIN icd9cm2 ON icd9cm2.icd9cm = op.icd9cm\nINNER JOIN ans ON ans.orno = ors.orno\nwhere  ors.opstrdate BETWEEN ?\n and  ?\nand  ans.anstype  = \'09\'\nGROUP BY op.icd9cm) as a  ORDER BY    a.cicdcm  desc limit 20', 'datestart,dateend', null, null, null, null, null, null);
INSERT INTO `rep_sub_menu_item` VALUES ('19', '19', '7', 'รับrefer(สปส)ผู้ป่วยใน', 'select  \na.rgtdate  as  vstdate,\n a.rgttime as vsttime,\n  idpm.nameidpm  as idpm,\n  icd101.icd10name,\nhospcode.off_name1  as hospcode,\n \nhospcode.off_id  \nfrom\n(SELECT \n \n \n	orfri.rfrno, \n	\norfri.rfrlct, \n      ipt.ward, \n  ipt.prediag,\n	ipt.rgtdate, \n	ipt.rgttime\nFROM ipt  \n\nINNER JOIN orfri ON ipt.vn = orfri.vn\n	 WHERE DATE_FORMAT(ipt.rgtdate,\'%Y-%m-%d\') BETWEEN  ?  and  ?\n\n\n) as a\n\n\nINNER JOIN hospcode on hospcode.off_id = a.rfrlct\nINNER JOIN icd101 on icd101.icd10 = a.prediag\nINNER join idpm on idpm.idpm =a.ward \n\nwhere   hospcode.off_id = \'10669\'\nORDER BY hospcode.off_name1  asc', 'datestart,dateend', null, null, null, null, null, null);
INSERT INTO `rep_sub_menu_item` VALUES ('20', '20', '7', 'ส่งReferผู้ป่วยใน(สปส)', ' SELECT\n  \n\n\n \nidpm.nameidpm as idpm,\na.vstdate,\na.vsttime  as vsttime,\nicd101.icd10name,\n \nhospcode.off_name1  as hospcode\nfrom\n\n(SELECT orfro.rfrlct, \n \n	orfro.rfrcs, \n	orfro.icd10, \n	orfro.vstdate, \n	orfro.vsttime, \n	orfro.ward\nFROM orfro\nWHERE\n    \n\nDATE_FORMAT(orfro.vstdate,\'%Y-%m-%d\') BETWEEN ? and  ?\n\nORDER BY orfro.vsttime asc) as a   \nINNER join icd101 on icd101.icd10 = a.icd10\nINNER join idpm on idpm.idpm =a.ward\ninner join  hospcode on hospcode.off_id = a.rfrlct  where hospcode.off_id = \'10669\' ORDER BY idpm.nameidpm, a.vstdate  asc', 'datestart,dateend', null, null, null, null, null, null);
INSERT INTO `rep_sub_menu_item` VALUES ('21', '21', '7', 'รับrefer20 อันดับ', 'select\na.macdx as icd,\na.icd10name,\n\n \nsum(a.can) as  total\n\nfrom(SELECT count(orfri.vn ) AS can, \n	ovstdx.icd10 AS macdx, \n	orfri.rfrcs, \n	orfri.rfrlct, \n	orfri.rfrno, \n	orfri.accdate, \n	orfri.vn, \n	ovst.hn, \n	icd101.icd10name\nFROM ovstdx INNER JOIN orfri ON ovstdx.vn = orfri.vn\n	 INNER JOIN ovst ON ovst.vn = ovstdx.vn\n	 INNER JOIN icd101 ON icd101.icd10 = ovstdx.icd10\nWHERE \n DATE_FORMAT(orfri.accdate,\'%Y-%m-%d\') between ? \nand  ?\n\n and ovstdx.cnt=\'1\'\nGROUP BY vn) as a  GROUP BY a.macdx ORDER BY total desc limit 20\n', 'datestart,dateend', null, null, null, null, null, null);
INSERT INTO `rep_sub_menu_item` VALUES ('22', '22', '7', 'ส่งrefer 20 อันดับ', 'select\na.macdx as icd,\na.icd10name,\n\n \nsum(a.can) as total\n\nfrom(SELECT ovstdx.icd10 AS macdx, \n	orfro.rfrcs, \n	orfro.rfrlct, \n	orfro.rfrno, \n	orfro.vn, \n	orfro.vstdate AS accdate, \n	count(orfro.vn) AS can, \n	ovst.ovstost, \n	ovst.hn, \n	icd101.icd10name\nFROM ovstdx INNER JOIN orfro ON ovstdx.vn = orfro.vn\n	 INNER JOIN ovst ON ovst.vn = ovstdx.vn AND ovst.vn = orfro.vn\n	 INNER JOIN icd101 ON icd101.icd10 = ovstdx.icd10\nWHERE \n\n  \n    \nDATE_FORMAT(orfro.vstdate,\'%Y-%m-%d\')  between ? and ?\n\n\n\n\nand ovstdx.cnt=\'1\'  and ovst.ovstost =\'3\'  and ovst.an =\'0\'\nGROUP BY vn) as a  GROUP BY a.macdx ORDER BY total desc limit 20\n', 'datestart,dateend', null, null, null, null, null, null);
INSERT INTO `rep_sub_menu_item` VALUES ('23', '23', '2', 'สรุปค่าใช้จ่ายที่เรียกเก็บ ', 'select \nnamecost as list,\nsum(case o.an when 0 then rcptamt end) as total_OPD,\nsum(case when o.an!= 0 then rcptamt end) as total_IPD\nfrom hi.incoth as i \nINNER JOIN hi.ovst as o on i.vn=o.vn and date(o.vstdttm) between ? and ?\nINNER JOIN hi.income as c on i.income=c.costcenter\ngroup by i.income order by i.income;', 'datestart,dateend', null, null, null, null, '2', null);
INSERT INTO `rep_sub_menu_item` VALUES ('29', '29', '10', 'ผ่าตัดรายวัน Major ,Miner', 'SELECT\nDATE_FORMAT(ors.opdate,\'%Y-%m-%d\') AS date_day,\nSUM(case ors.optype when 1 then IF(operation.opertype = 1,1,0) end) as elective_major,\nSUM(case ors.optype when 1 then IF(operation.opertype = 2,1,0) end) as elective_minor,\nSUM(case ors.optype when 1 then IF(TIME(ors.opstpdate) BETWEEN  \'08:00:00\' AND  \'16:00:00\',1,0) end) as elective_intime,\nSUM(case ors.optype when 1 then IF(TIME(ors.opstpdate) NOT BETWEEN  \'08:00:00\' AND  \'16:00:00\' \'16:00:00\',1,0) end) as elective_outtime,\nSUM(case ors.optype when 1 then IF(operation.opertype in (1,2),1,0) end) AS elective_total,\nSUM(case ors.optype when 2 then IF(operation.opertype = 1,1,0) end) as emergency_major,\nSUM(case ors.optype when 2 then IF(operation.opertype = 2,1,0) end) as emergency_minor,\nSUM(case ors.optype when 2 then IF(TIME(ors.opstpdate) BETWEEN  \'08:00:00\' AND  \'16:00:00\',1,0) end) as emergency_intime,\nSUM(case ors.optype when 2 then IF(TIME(ors.opstpdate) NOT BETWEEN  \'08:00:00\' AND  \'16:00:00\' \'16:00:00\',1,0) end) as emergency_outtime,\nSUM(case ors.optype when 2 then IF(operation.opertype in (1,2),1,0) end) AS emergency_total\nFROM \nhi.ors\nINNER JOIN hi.operation ON ors.orno = operation.orno\nWHERE DATE_FORMAT(ors.opdate,\'%Y-%m-%d\') BETWEEN ? and ? AND ors.opdate <> \'0000-00-00\'\nGROUP BY date_day', 'datestart,dateend', null, null, null, null, null, null);
INSERT INTO `rep_sub_menu_item` VALUES ('30', '30', '7', 'รับRefer ในเครื่อข่าย', 'SELECT\n*\nfrom \n(\nselect  \na.rgtdate  as  vstdate,\n a.rgttime as vsttime,\n  idpm.nameidpm  as idpm,\n  icd101.icd10name,\nCOUNT(icd101.icd10) as icd103,\nicd101.icd10,\nhospcode.off_name1  as hospcode,\nhospcode.off_id , \n \n hospcode.off_id as offid2  \nfrom\n(SELECT \n \n \n	orfri.rfrno, \n	\norfri.rfrlct, \n      ipt.ward, \n  ipt.prediag,\n	ipt.rgtdate, \n	ipt.rgttime\nFROM ipt  \n\nINNER JOIN orfri ON ipt.vn = orfri.vn\n	 WHERE DATE_FORMAT(ipt.rgtdate,\'%Y-%m-%d\') BETWEEN ? and  ?\n\n\n\n) as a\n\n\nINNER JOIN hospcode on hospcode.off_id = ?\nINNER JOIN icd101 on icd101.icd10 = a.prediag\nINNER join idpm on idpm.idpm =a.ward \n\nwhere   hospcode.off_id = \'27967\' GROUP BY icd101.icd10   \nORDER BY hospcode.off_name1  asc ) as b ORDER BY b.icd103 desc    limit 20', 'datestart,dateend,off_id ', null, null, null, null, null, null);
INSERT INTO `rep_sub_menu_item` VALUES ('31', '31', '11', 'วันนอน รายบุคคล', 'SELECT  \nipt.an as an,\n  ipt.hn,\n\nDATE_FORMAT(ipt.rgtdate,\'%Y-%m-%d\')  as strdate,\n \n	DATE_FORMAT(ipt.dchdate,\'%Y-%m-%d\' ) as stpdate, \n \n   timestampdiff(day,ipt.rgtdate,ipt.dchdate)  as datetotal \n\n \nFROM ipt \n  \n\n  where  date(ipt.dchdate)  between ?  and  ?\n\n\n ORDER BY hn asc\n', 'datestart,dateend', null, null, 'ให้ค้น  เป็นเดือน\n', null, null, null);
INSERT INTO `rep_sub_menu_item` VALUES ('32', '32', '11', 'วันนอนเฉลี่ยรายตึก', '\nSELECT\nl.admit as จำวนผุ้ป่วย,\nl.losd as จำนวนวันนอนทั้งหมด ,\nl.avg_losd as วันนอนเฉลี่ย\n,l.dom  as  จำนวนวันที่หา\n,(l.losd*100)/(l.bed*l.dom) as อัตราการครองเตียง,\nl.nameidpm,\nl.bed as จำนวนเตียง\nfrom(\n\nSELECT\nCount(a.an) AS admit,\nSum(a.daycnt) AS losd,\nsum(daycnt) / count(a.an) AS avg_losd,\ndayofmonth(last_day(a.dchdate)) AS dom,\nidpm.idpm,\nidpm.nameidpm,\nidpm.bed\nFROm\nipt AS a\nINNER JOIN iptmove AS b ON a.an = b.an AND b.wardold =  ?\nINNER JOIN idpm ON idpm.idpm = b.wardold\nwhere year(a.dchdate)=? and month(a.dchdate)=?) as l', 'idpm,yearbudget,month', null, null, null, null, null, null);
INSERT INTO `rep_sub_menu_item` VALUES ('33', '33', '11', 'วันนอนเฉลี่ย แยกราย ตึก', '\nSELECT\nl.idpm as ตึก,\nl.nameidpm as ชื่อตึก,\nl.dom  as  จำนวนวันที่หา,\nl.bed as จำนวนเตียงที่กำหนด,\nl.admit as จำวนผุ้ป่วย,\nl.losd as จำนวนวันนอนทั้งหมด \n\n,l.avg_losd as วันนอนเฉลี่ย\n,(l.losd*100)/(l.bed*l.dom) as อัตราการครองเตียง \n \n\nfrom(\n\nSELECT\nCount(a.an) AS admit,\nSum(a.daycnt) AS losd,\nsum(daycnt) / count(a.an) AS avg_losd,\ndayofmonth(last_day(a.dchdate)) AS dom,\nidpm.idpm,\nidpm.nameidpm,\nidpm.bed\n\nFROm\nipt AS a\nINNER JOIN iptmove AS b ON a.an = b.an  \nINNER JOIN idpm ON idpm.idpm = b.wardold  \nwhere year(a.dchdate)=? and month(a.dchdate)= ?  and idpm.idpm <> \'01\'   GROUP BY  b.wardold   ) as l   ORDER BY l.losd  desc', 'yearbudget,month', null, null, null, null, null, null);
INSERT INTO `rep_sub_menu_item` VALUES ('34', '34', '11', 'อัตราการครองเตียงรายปี/งบประมาณ', 'SELECT\nif(w.nameidpm is null,\'not register\',w.nameidpm) as building,\nsum( case month(dchdate) when 10 then i.daycnt end)*100/(31*w.bed) as m10,\nsum( case month(dchdate) when 11 then i.daycnt end)*100/(30*w.bed) as m11,\nsum( case month(dchdate) when 12 then i.daycnt end)*100/(31*w.bed) as m12,\nsum( case month(dchdate) when 1 then i.daycnt end)*100/(31*w.bed) as m1,\nsum( case month(dchdate) when 2 then i.daycnt end)*100/(if(datediff(min(i.dchdate)+INTERVAL 1 year,min(i.dchdate)) = 365,28,29)*w.bed) as m2,\nsum( case month(dchdate) when 3 then i.daycnt end)*100/(31*w.bed) as m3,\nsum( case month(dchdate) when 4 then i.daycnt end)*100/(30*w.bed) as m4,\nsum( case month(dchdate) when 5 then i.daycnt end)*100/(31*w.bed) as m5,\nsum( case month(dchdate) when 6 then i.daycnt end)*100/(30*w.bed) as m6,\nsum( case month(dchdate) when 7 then i.daycnt end)*100/(31*w.bed) as m7,\nsum( case month(dchdate) when 8 then i.daycnt end)*100/(31*w.bed) as m8,\nsum( case month(dchdate) when 9 then i.daycnt end)*100/(30*w.bed) as m9,\nsum(i.daycnt)*100/(datediff(min(i.dchdate)+INTERVAL 1 year,min(i.dchdate))*w.bed) as total\nFROm\nipt AS i\nINNER JOIN iptmove AS b ON b.an = i.an  \nINNER JOIN idpm as w ON w.idpm = b.wardold\nwhere if(month(i.dchdate) < 10 , year(i.dchdate),year(DATE_ADD(i.dchdate,INTERVAL 1 year))) =  ? and w.idpm <> \'01\'\nGROUP BY  b.wardold  ORDER BY   total desc', 'yearbudget', null, null, null, null, null, null);
INSERT INTO `rep_sub_menu_item` VALUES ('35', '35', '11', 'อัตรานอนเฉลี่ยรายเดือน/ปีงบประมาณ', 'SELECT\nif(w.nameidpm is null,\'not register\',w.nameidpm) as building,\nsum( case month(dchdate) when 10 then i.daycnt end)/count(distinct case month(dchdate) when 10 then i.an end) as m10,\nsum( case month(dchdate) when 11 then i.daycnt end)/count(distinct case month(dchdate) when 11 then i.an end) as m11,\nsum( case month(dchdate) when 12 then i.daycnt end)/count(distinct case month(dchdate) when 12 then i.an end) as m12,\nsum( case month(dchdate) when 1 then i.daycnt end)/count(distinct case month(dchdate) when 1 then i.an end) as m1,\nsum( case month(dchdate) when 2 then i.daycnt end)/count(distinct case month(dchdate) when 2 then i.an end) as m2,\nsum( case month(dchdate) when 3 then i.daycnt end)/count(distinct case month(dchdate) when 3 then i.an end) as m3,\nsum( case month(dchdate) when 4 then i.daycnt end)/count(distinct case month(dchdate) when 4 then i.an end) as m4,\nsum( case month(dchdate) when 5 then i.daycnt end)/count(distinct case month(dchdate) when 5 then i.an end) as m5,\nsum( case month(dchdate) when 6 then i.daycnt end)/count(distinct case month(dchdate) when 6 then i.an end) as m6,\nsum( case month(dchdate) when 7 then i.daycnt end)/count(distinct case month(dchdate) when 7 then i.an end) as m7,\nsum( case month(dchdate) when 8 then i.daycnt end)/count(distinct case month(dchdate) when 8 then i.an end) as m8,\nsum( case month(dchdate) when 9 then i.daycnt end)/count(distinct case month(dchdate) when 9 then i.an end) as m9,\nsum( i.daycnt)/count(distinct i.an) as total\n\n \n\nFROm\nipt AS i\nINNER JOIN iptmove AS b ON b.an = i.an  \nINNER JOIN idpm as w ON w.idpm = b.wardold\nwhere if(month(i.dchdate) < 10 , year(i.dchdate),year(DATE_ADD(i.dchdate,INTERVAL 1 year))) =  ? and w.idpm <> \'01\'\nGROUP BY  b.wardold  ORDER BY   total desc', 'yearbudget', null, null, null, null, null, null);
INSERT INTO `rep_sub_menu_item` VALUES ('36', '36', '12', 'สรุป Hba1c  ราย PCU', 'SELECT h1.namehosp,\nSUM(CASE WHEN h1.hba1c < 7 THEN h1.num ELSE 0 END) AS H7,\nSUM(CASE WHEN h1.hba1c BETWEEN 7 AND 8 THEN h1.num ELSE 0 END) AS H78,\nSUM(CASE WHEN h1.hba1c > 8 THEN h1.num ELSE 0 END) AS H8,\nsum(h1.num)  as num\nFROM (SELECT COUNT(*) as num,mooban.namehosp,lhba1c.hba1c FROM hi.lbbk\nINNER JOIN hi.lhba1c ON lbbk.ln=lhba1c.ln \nINNER JOIN hi.pt ON lbbk.hn=pt.hn\nINNER JOIN hi.mooban ON pt.chwpart=mooban.chwpart AND pt.amppart=mooban.amppart AND pt.tmbpart=mooban.tmbpart AND pt.moopart=mooban.moopart\nWHERE lbbk.senddate BETWEEN ? AND  ?\nGROUP BY lhba1c.hba1c,mooban.hospsub) AS h1 GROUP BY h1.namehosp', 'datestart,dateend', null, null, null, null, '2', null);
INSERT INTO `rep_sub_menu_item` VALUES ('37', '37', '12', 'Hba1c  ราบบุคคล', 'SELECT mooban.hospsub,mooban.namehosp,lbbk.hn,pt.pop_id,CONCAT(pt.fname,pt.lname) as fullname,lhba1c.hba1c,lbbk.senddate\nFROM hi.lbbk\nINNER JOIN hi.lhba1c ON lbbk.ln=lhba1c.ln \nINNER JOIN hi.pt ON lbbk.hn=pt.hn\nINNER JOIN hi.mooban ON pt.chwpart=mooban.chwpart AND pt.amppart=mooban.amppart AND pt.tmbpart=mooban.tmbpart AND pt.moopart=mooban.moopart\nWHERE lbbk.senddate BETWEEN ? AND ?', 'datestart,dateend', null, null, null, null, '2', null);
INSERT INTO `rep_sub_menu_item` VALUES ('38', '38', '11', 'readmitted', ' select\nc.hn,\n c.aadchdate,\ncount(c.aan) as can,\nc.ward\n,c.xx,\nc.hn,\nc.rgtdate  as yeaript\nfrom(\n\nselect  DATEDIFF(b.rgtdate,b.aadchdate) as xx,\n   \nb.aadchdate,\nb.aan ,\nb.hn,b.ward,\n\nb.rgtdate\nfrom\n\n(select  \n    a.aan,\n \na.hn,\na.aadchdate,\nipt.rgtdate,a.ward\n \n\nfrom\n(SELECT  \n ipt.dchdate  as aadchdate, \n	ipt.dchdate adchdate, \ncount(ipt.hn)  as ahn ,\n   ipt.an as aan,\n  ipt.hn ,\nipt.ward\nFROM ipt \n  \n\n  where  year(ipt.dchdate)  between \'2017\'  and  \'2018\'  \nGROUP BY  hn  ) as a  \n\n\n inner join ipt on ipt.hn = a.hn  \nwhere  a.ahn  > 1   and  year(ipt.dchdate)  between \'2017\'  and  \'2018\' \n \n\n ORDER BY   hn, dchdate   asc  ) as b   ) as c  where   c.xx   between  \'1\'  and  \'28\'  GROUP BY  c.aadchdate,c.rgtdate, hn,xx ', null, null, null, null, null, null, null);
INSERT INTO `rep_sub_menu_item` VALUES ('39', '39', '11', 'รายชื่อผู้ป่วย  Readmitted', 'select \np.hn,\np.pop_id as cid,\nconcat(p.fname,\' \',p.lname) as fullname,\nm.namemale as sex,\ntimestampdiff(year,p.brthdate,o.vstdttm) as age,\nt.t_name as Disease,\nd2.icd10 as Last_diag,\ni1.an,\nDATE_FORMAT(d2.dchdate,\'%Y-%m-%d\')\n as Dischart_date,\nd1.icd10 as Readmit_diag,\n \nDATE_FORMAT(o.vstdttm,\'%Y-%m-%d\')as Readmit_date\n  ,\n(datediff(o.vstdttm,d2.dchdate)) as revisit_date\nfrom hi.ovst as o\ninner join hi.pt as p on p.hn=o.hn\ninner join hi.male as m on p.male=m.male\ninner join hi.ipt as i1 on i1.an=o.an\ninner join hi.iptdx as d1 on o.an=d1.an and itemno=1\ninner join hi.icd101 as c on d1.icd10=c.icd10 -- and c.group_298_disease between 153 and 156\ninner join hi.cgroup298disease as t on c.group_298_disease=t.cgroup\ninner join \n(select ipt.an,ovst.hn,dchdate,c.icd10,c.group_298_disease \nfrom hi.ovst\ninner join hi.ipt on ovst.an=ipt.an \ninner join hi.iptdx on ovst.an=iptdx.an and itemno=1 \ninner join hi.icd101 as c on iptdx.icd10=c.icd10\nwhere ipt.dchdate\n) as d2 on (datediff(o.vstdttm,d2.dchdate) between 1 and 28) and o.hn=d2.hn\nwhere c.group_298_disease=d2.group_298_disease and o.vstdttm between ?  and ?', 'datestart,dateend', null, null, null, null, null, null);
INSERT INTO `rep_sub_menu_item` VALUES ('40', '40', '1', 'ผู้มารับบริการเฉลี่ยรายเดือน', 'SELECT  MONTHNAME(a.vstdttm) as Month,\n     \n     count(a.chn) as จำนวนคน,\n   sum(a.vn)  as  จำนวนครั้ง,\n sum(a.vn)/day(LAST_DAY(a.vstdttm))  as  จำนวนเฉลี่ยต่อวัน\n\nfrom(SELECT\ncount(ovst.vn) as vn,\novst.vstdttm,\ncount(ovst.hn) chn,\novst.waist_cm,\novstdx.icd10\nFROM\novst\nINNER JOIN ovstdx ON ovstdx.vn = ovst.vn  where  year(ovst.vstdttm) = ?   and date(ovst.vstdttm) <> \'0000-00-00\' and  ovstdx.icd10 <> \'\'    GROUP BY ovst.vn) as a\nGROUP BY Month  ORDER BY a.vstdttm asc', 'yearbudget', null, null, null, null, null, null);
INSERT INTO `rep_sub_menu_item` VALUES ('41', '41', '1', 'รายงานเฉลี่ยค้นตามคลินิค', 'SELECT  MONTHNAME(a.vstdttm) as Month,\n     \n     count(a.chn) as จำนวนคน,\n   sum(a.vn)  as  จำนวนครั้ง,\n sum(a.vn)/day(LAST_DAY(a.vstdttm))  as  จำนวนเฉลี่ยต่อวัน\n\nfrom(SELECT\ncount(ovst.vn) as vn,\novst.vstdttm,\ncount(ovst.hn) chn,\n ovst.cln,\novstdx.icd10\nFROM\novst\nINNER JOIN ovstdx ON ovstdx.vn = ovst.vn \nINNER JOIN cln on cln.cln = ovst.cln\n where  year(ovst.vstdttm) = ?  and date(ovst.vstdttm) <> \'0000-00-00\' and  ovstdx.icd10 <> \'\' and ovst.cln = ?  GROUP BY ovst.vn) as a\nGROUP BY Month ORDER BY a.vstdttm asc', 'yearbudget,cln', null, null, null, null, null, null);
INSERT INTO `rep_sub_menu_item` VALUES ('42', '42', '1', 'เฉลี่ยรายคลินิค', 'SELECT\na.cln  as  รหัส ,a.namecln  as ชื่อคลินิค,\ncount(a.cln) as คน,\nsum(a.chn) as ครั้ง,\n\n sum(a.chn)/day(LAST_DAY(a.vstdttm))  as  per_day\nfrom( \nSELECT\ncount(ovst.vn) as vn,\novst.vstdttm,\ncount(ovst.hn) chn,\n ovst.cln,\ncln.namecln,\novstdx.icd10\n\nFROM\novst\nINNER JOIN ovstdx ON ovstdx.vn = ovst.vn \nINNER JOIN cln on cln.cln = ovst.cln\n where  year(ovst.vstdttm) = ? and month(ovst.vstdttm)=  ?  and date(ovst.vstdttm) <> \'0000-00-00\' and  ovstdx.icd10 <> \'\'  \n GROUP BY ovst.vn    ) as a GROUP BY  a.cln  ORDER BY   per_day desc', 'yearbudget,month', null, null, null, null, null, null);
INSERT INTO `rep_sub_menu_item` VALUES ('43', '43', '11', 'อัตราเฉลี่ยรายปี', '\nSELECT\nl.idpm as ตึก,\nl.nameidpm as ชื่อตึก,\n \nl.bed as จำนวนเตียงที่กำหนด,\nl.admit as จำวนผุ้ป่วย,\nl.losd as จำนวนวันนอนทั้งหมด \n\n,l.avg_losd as วันนอนเฉลี่ย\n,(l.losd*100)/(l.bed*365) as อัตราการครองเตียง \n \n\nfrom(\n\nSELECT\nCount(a.an) AS admit,\nSum(a.daycnt) AS losd,\nsum(daycnt) / count(a.an) AS avg_losd,\n \nidpm.idpm,\nidpm.nameidpm,\nidpm.bed\n\nFROm\nipt AS a\nINNER JOIN iptmove AS b ON a.an = b.an  \nINNER JOIN idpm ON idpm.idpm = b.wardold  \nwhere year(a.dchdate) =  ?    and idpm.idpm <> \'01\'  and  year(a.dchdate) <> \'0000\' GROUP BY  b.wardold   ) as l      ORDER BY l.losd  desc', 'yearbudget', null, null, null, null, null, null);
INSERT INTO `rep_sub_menu_item` VALUES ('44', '44', '2', 'ทดสอบตัวแปร1ต่อ2', 'set @datestart= ? ; set @dateend = ? ;  \r\nSELECT\r\na.date_day as a\r\n,a.major as b\r\n,a.minor as c\r\n,a.intime as d\r\n,a.outtime as e\r\n,a.total as f\r\n,b.major as g\r\n,b.minor as h\r\n,b.intime as i\r\n,b.outtime as j\r\n,b.total as k\r\nFROM\r\n(SELECT\r\ndate(ors.opdate) AS date_day,\r\nSUM(IF(operation.opertype = 1,1,0)) as major,\r\nSUM(IF(operation.opertype = 2,1,0)) as minor,\r\nSUM(IF(TIME(ors.opstpdate) BETWEEN  \'08:00:00\' AND  \'16:00:00\',1,0)) as intime,\r\nSUM(IF(TIME(ors.opstpdate) NOT BETWEEN  \'08:00:00\' AND  \'16:00:00\' \'16:00:00\',1,0)) as outtime,\r\nSUM(IF(operation.opertype = 1,1,0))+SUM(IF(operation.opertype = 2,1,0)) AS total\r\nFROM \r\nhi.ors\r\nINNER JOIN hi.operation ON ors.orno = operation.orno\r\nWHERE DATE_FORMAT(ors.opdate,\'%Y-%m-%d\') BETWEEN @datestart and @dateend  AND ors.optype = 1 AND ors.opdate <> \'0000-00-00\'\r\nGROUP BY date_day  ) AS a \r\n\r\nLEFT  JOIN \r\n\r\n(SELECT\r\ndate(ors.opdate) AS date_day,\r\nSUM(IF(operation.opertype = 1,1,0)) as major,\r\nSUM(IF(operation.opertype = 2,1,0)) as minor,\r\nSUM(IF(TIME(ors.opstpdate) BETWEEN  \'08:00:00\' AND  \'16:00:00\',1,0)) as intime,\r\nSUM(IF(TIME(ors.opstpdate) NOT BETWEEN  \'08:00:00\' AND  \'16:00:00\' \'16:00:00\',1,0)) as outtime,\r\nSUM(IF(operation.opertype = 1,1,0))+SUM(IF(operation.opertype = 2,1,0)) AS total\r\nFROM \r\nhi.ors\r\nINNER JOIN hi.operation ON ors.orno = operation.orno\r\nWHERE DATE_FORMAT(ors.opdate,\'%Y-%m-%d\') BETWEEN @datestart and @dateend   AND ors.optype = 2  AND ors.opdate <> \'0000-00-00\'\r\nGROUP BY date_day  ) AS b \r\nON a.date_day = b.date_day', 'datestart,dateend', null, null, null, null, null, null);
INSERT INTO `rep_sub_menu_item` VALUES ('45', '45', '13', 'TB_OPD_ค้นหาตามวัน', 'SELECT\n	c.vn,\n	c.hn,\n	c.pop_id,\n	c.fname,\n	c.lname,\n	c.age,\n	c.addrpart,\n	c.moopart,\n	t.nametumb,\n	a3.nameampur,\n	c.tmbpart,\n	c.amppart,\n	c.chwpart,\n	c.icd10name,\n	DATE_FORMAT(c.vstdttm, \'%d-%m-%Y\') AS vstdttm,\n	DATE_FORMAT(oapp.fudate, \'%d-%m-%Y\') AS fudate,\n	c.regtbno,\n	c.statustb,\n	DATE_FORMAT(c.strdate, \'%d-%m-%Y\') AS strdate\nFROM\n	(\n		SELECT\n			b.vn,\n			b.hn,\n			b.pop_id,\n			b.fname,\n			b.lname,\n			b.age,\n			b.addrpart,\n			b.moopart,\n			b.tmbpart,\n			b.amppart,\n			b.chwpart,\n			icd10name,\n			registertb.regtbno,\n			registertb.statustb,\n			registertb.strdate,\n			b.vstdttm\n		FROM\n			(\n				SELECT\n					a1.hn,\n					a1.fname,\n					a1.lname,\n					a1.male,\n					a1.age,\n					a1.addrpart,\n					a1.moopart,\n					a1.tmbpart,\n					a1.amppart,\n					icd101.icd10name,\n					a1.pop_id,\n					a1.vn,\n					a1.chwpart,\n					a1.vstdttm\n				FROM\n					(\n						SELECT\n							cPT.hn,\n							cPT.icd10,\n							cPT.fname,\n							cPT.lname,\n							cPT.age,\n							(\n								CASE\n								WHEN cPT.male = \'1\' THEN\n									\'ชาย\'\n								WHEN cPT.male = \'2\' THEN\n									\'หญิง\'\n								END\n							) AS male,\n							cPT.addrpart,\n							t.nametumb,\n							a2.nameampur,\n							c.namechw,\n							c.chwpart,\n							a2.amppart,\n							m.tmbpart,\n							m.moopart,\n							cPT.pop_id,\n							m.hospsub,\n							cPT.vn,\n							cPT.vstdttm\n						FROM\n							(\n								SELECT\n									a.icd10,\n									a.vstdttm,\n									pt.hn,\n									pt.amppart,\n									pt.chwpart,\n									YEAR (vstdttm) - YEAR (pt.brthdate) AS age,\n									pt.lname,\n									pt.fname,\n									pt.male,\n									pt.moopart,\n									pt.addrpart,\n									pt.tmbpart,\n									pt.pop_id,\n									a.vn\n								FROM\n									(\n										SELECT\n											ovst.vn,\n											ovst.hn,\n											ovst.vstdttm,\n											ovstdx.icd10\n										FROM\n											ovst\n										INNER JOIN ovstdx ON ovst.vn = ovstdx.vn\n									where date_format(ovst.vstdttm,\'%Y-%m-%d\') between ? and   ?\n										AND (ovstdx.icd10 BETWEEN \'A15\'\n										AND \'A18\'\n										OR ovstdx.icd10 IN (\'X35\', \'X39\', \'X52\', \'X57\'))\n										GROUP BY\n											vn\n									) AS a\n								INNER JOIN pt ON pt.hn = a.hn\n							) AS cPT\n						LEFT JOIN hi.mooban AS m ON cPT.moopart = m.moopart\n						AND cPT.tmbpart = m.tmbpart\n						AND cPT.amppart = m.amppart\n						AND cPT.chwpart = m.chwpart\n						LEFT JOIN hi.tumbon AS t ON cPT.tmbpart = t.tmbpart\n						AND cPT.amppart = t.amppart\n						AND cPT.chwpart = t.chwpart\n						LEFT JOIN hi.ampur AS a2 ON cPT.amppart = a2.amppart\n						AND cPT.chwpart = a2.chwpart\n						LEFT JOIN hi.changwat AS c ON cPT.chwpart = c.chwpart\n						WHERE\n							cPT.amppart = ?\n						GROUP BY\n							cPT.vn\n						ORDER BY\n							hospsub ASC\n					) AS a1\n				INNER JOIN icd101 ON icd101.icd10 = a1.icd10\n			) AS b\n		LEFT JOIN registertb ON registertb.hn = b.hn\n		GROUP BY\n			b.vn,\n			hn\n	) AS c\nLEFT JOIN oapp ON oapp.vn = c.vn\nLEFT JOIN hi.mooban AS m ON c.moopart = m.moopart\nAND c.tmbpart = m.tmbpart\nAND c.amppart = m.amppart\nAND c.chwpart = m.chwpart\nLEFT JOIN hi.tumbon AS t ON c.tmbpart = t.tmbpart\nAND c.amppart = t.amppart\nAND c.chwpart = t.chwpart\nLEFT JOIN hi.ampur AS a3 ON c.amppart = a3.amppart\nAND c.chwpart = a3.chwpart\nLEFT JOIN hi.changwat AS ch ON c.chwpart = ch.chwpart\nGROUP BY\n	vn\nORDER BY\n	tmbpart,\n	amppart,vn asc', 'datestart,dateend,ampur', null, null, null, '', '2', null);
INSERT INTO `rep_sub_menu_item` VALUES ('46', '46', '8', 'visit นอกเวลาราชการ', 'SET @datestart = ?;\nSET @dateend = ?;\n\nselect \ndate_format(o.vstdttm,\'%d/%m/%Y\') as date_serv,\ncount(distinct o.vn) as total\nfrom \nhi.ovst as o \nwhere cln=\'20100\'\nand dct!=\'\'\n/*\nand dayofweek(o.vstdttm) not in (1,7) \nand date(o.vstdttm) not in (select holiday.date from hi.holiday)\n*/\nand o.vstdttm between @datestart and @dateend \nand time(o.vstdttm) between \'16:00:00\' and \'23:59:59\'\ngroup by date(o.vstdttm);\nselect \ndate_format(o.vstdttm,\'%d/%m/%Y\') as date_serv,\ncount(distinct o.vn) as total\nfrom \nhi.ovst as o \nwhere cln=\'20100\'\nand dct!=\'\'\n/*\nand dayofweek(o.vstdttm) not in (1,7) \nand date(o.vstdttm) not in (select holiday.date from hi.holiday)\n*/\nand o.vstdttm between @datestart and @dateend \nand time(o.vstdttm) between \'00:00:00\' and \'07:59:59\'\ngroup by date(o.vstdttm);', 'datestart,dateend', null, null, null, null, null, null);
INSERT INTO `rep_sub_menu_item` VALUES ('47', '47', '8', 'จำนวนผู้ป่วยแยกตามความเร่งด่วน', 'select optriage.triage,triage.nametri, \ncount(optriage.triage) as Total, \ncount(case optriage.trauma when \'T\' then optriage.vn end) as \'Trauma\', \ncount(case optriage.trauma when \'N\' then optriage.vn end) as \'Non-Trauma\' from hi.ovst \nINNER JOIN hi.optriage on ovst.vn = optriage.vn \nINNER JOIN hi.triage on optriage.triage = triage.codetri \n where date(ovst.vstdttm) between  ?  and ? GROUP BY optriage.triage ', 'datestart,dateend', null, null, null, null, null, null);
INSERT INTO `rep_sub_menu_item` VALUES ('48', '48', '12', 'Hba1cรายบุคคลเลือกตาม รพ.สต', 'SELECT mooban.hospsub,mooban.namehosp,lbbk.hn,pt.pop_id,CONCAT(pt.fname,pt.lname) as fullname,lhba1c.hba1c,lbbk.senddate\nFROM hi.lbbk\nINNER JOIN hi.lhba1c ON lbbk.ln=lhba1c.ln \nINNER JOIN hi.pt ON lbbk.hn=pt.hn\nINNER JOIN hi.mooban ON pt.chwpart=mooban.chwpart AND pt.amppart=mooban.amppart AND pt.tmbpart=mooban.tmbpart AND pt.moopart=mooban.moopart\nWHERE mooban.amppart = ?  and mooban.hospsub =  ?  and lbbk.senddate BETWEEN ? AND ?', 'ampur,pcu,datestart,dateend', null, null, null, null, '2', null);
INSERT INTO `rep_sub_menu_item` VALUES ('49', '49', '11', 'ตามกลุ่มสาเหตุแยกตามตึก(505)', 'set @datestart= ? ; set @dateend = ? ;  set @idpm = ? ; \nselect \nr.cgroup as disease_group ,\nr.icd10,\nr.t_name disease_name,\nr.a as total,\nround(r.a/t.b*100,2) as percent\nfrom\n(select \ncg.cgroup,\ncg.icd10,\ncg.t_name,\ncount(distinct o.vn) as a\nfrom \nhi.ipt as o \ninner join hi.iptdx as ox on o.an=ox.an\ninner join hi.icd101 as d on ox.icd10=d.icd10 \ninner join hi.cgroup298disease as cg on d.group_298_disease=cg.cgroup\nwhere date(o.dchdate) between  @datestart and @dateend and itemno = \'1\' and o.ward = @idpm\ngroup by cg.cgroup \norder by a desc \n) as r  \nleft join\n(select count(distinct o.vn) as b\nfrom \nhi.ipt as o \ninner join hi.iptdx as ox on o.an=ox.an\ninner join hi.icd101 as d on ox.icd10=d.icd10 \ninner join hi.cgroup298disease as cg on d.group_298_disease=cg.cgroup\nwhere date(o.dchdate) between  @datestart and @dateend  and itemno = \'1\' and o.ward = @idpm\n) as t on r.cgroup\nwhere r.cgroup not in (268,269,270,243,290,291,292,293,294,295,296,297,298)', 'datestart,dateend,idpm', null, null, null, null, null, null);
INSERT INTO `rep_sub_menu_item` VALUES ('50', '50', '1', 'รายงานตามกลุ่มโรค(504)', 'set @datestart= ? ; set @dateend = ? ;  \nselect \nr.cgroup as disease_group ,\nr.t_name disease_name as  disease_name  ,\nr.a as total ,\nround(r.a/t.b*100,2) as percent\nfrom\n(select \ncg.cgroup,\ncg.t_name,\ncount(distinct o.vn) as a\nfrom \nhi.ovst as o \ninner join hi.ovstdx as ox on o.vn=ox.vn\ninner join hi.icd101 as d on ox.icd10=d.icd10 \ninner join hi.cgroup298disease as cg on d.group_298_disease=cg.cgroup\nwhere date(o.vstdttm) between  @datestart  and  @dateend and cnt=\'1\'\ngroup by cg.cgroup \norder by a desc \n) as r  \nleft join\n(select count(distinct o.vn) as b\nfrom \nhi.ovst as o \ninner join hi.ovstdx as ox on o.vn=ox.vn\ninner join hi.icd101 as d on ox.icd10=d.icd10 \ninner join hi.cgroup298disease as cg on d.group_298_disease=cg.cgroup\nwhere date(o.vstdttm) between   @datestart and  @dateend and cnt=\'1\'\n) as t on r.cgroup\nwhere r.cgroup not in (268,269,270,243,290,291,292,293,294,295,296,297,298)', 'datestart,dateend', null, null, null, null, null, null);
INSERT INTO `rep_sub_menu_item` VALUES ('51', '51', '14', 'ตรวจสอบการลงทะเบียน', 'select \nstaff,\np.fname,\np.lname,\ncount(case bloodgrp when \'\' then hn end) as error_bloodgroup,\ncount(case height when 0 then hn end) as error_height,\ncount(case fthname when \'\' then hn end) as error_fth,\ncount(case mthname when \'\' then hn end) as error_mth,\ncount(case infmname when \'\' then hn end) as error_infm,\ncount(case infmaddr when \'\' then hn end) as error_infmaddr,\ncount(case infmtel when \'\' then hn end) as error_infmtell,\ncount(case statusinfo when \'\' then hn end) as error_relation,\ncount(hn) as total\n\n\nfrom \nhi.pt\ninner join hi.opstaff as p on pt.register=p.staff\nwhere pt.fdate between ? and ?\ngroup by staff', 'datestart,dateend', null, null, null, null, null, null);
INSERT INTO `rep_sub_menu_item` VALUES ('52', '52', '15', 'โรคจิตผู้ป่วยนอกค้นหาตามวัน', 'set @datestart= ?;\nset @dateend= ?;\n\nselect \nr.cgroup as disease_group ,\nr.t_name disease_name,\nr.a as total,\nround(r.a/t.b*100,2) as percent\nfrom\n(select \ncg.cgroup,\ncg.t_name,\ncount(distinct o.vn) as a\nfrom \nhi.ovst as o \ninner join hi.ovstdx as ox on o.vn=ox.vn\ninner join hi.icd101 as d on ox.icd10=d.icd10 \ninner join hi.cgroup298disease as cg on d.group_298_disease=cg.cgroup\nwhere date(o.vstdttm) between  @datestart and  @dateend and cnt=\'1\'\ngroup by cg.cgroup \norder by a desc \n) as r  \nleft join\n(select count(distinct o.vn) as b\nfrom \nhi.ovst as o \ninner join hi.ovstdx as ox on o.vn=ox.vn\ninner join hi.icd101 as d on ox.icd10=d.icd10 \ninner join hi.cgroup298disease as cg on d.group_298_disease=cg.cgroup\nwhere date(o.vstdttm) between  @datestart and  @dateend and cnt=\'1\'  \n) as t on r.cgroup    where r.cgroup in(115,116,117,118,124,114,119)', 'datestart,dateend', null, null, null, null, '2', null);
INSERT INTO `rep_sub_menu_item` VALUES ('53', '53', '9', 'เสียชีวิต นอก ใน', 'set @datestart = ?;\nset @dateend = ?;\n\nSELECT \n \'OPD\' as Point,\n o.hn as HN,\n ifnull(ipt.an,\'\') as an, \n concat(p.fname,\' \',p.lname) as pt_name,\n p.pop_id as cid,\nconcat(p.addrpart,\' \',\nm.namemoob,\' \',\nt.nametumb,\' \',\na.nameampur) as address,\n DATE_FORMAT(date(o.vstdttm),\'%d/%m/%Y\') as ddeath,\n ovstdx.icd10 as cdeath,\n(select cast(group_concat(icd10 SEPARATOR \', \') as char(50)) from hi.ovstdx where o.vn=ovstdx.vn group by ovstdx.vn) as all_diag,\n(select icd10name from hi.icd101 where icd101.icd10=ovstdx.icd10 limit 1) as name_dx,\n	(CASE WHEN LENGTH(o.dct) = 5 THEN (select concat(dct.fname,\' \',dct.lname) from hi.dct where dct.lcno = o.dct limit 1)  \n		WHEN LENGTH(o.dct) = 4 THEN (select concat(dct.fname,\' \',dct.lname) from hi.dct where dct.dct = substr(o.dct,1,2) limit 1)  \n		WHEN LENGTH(o.dct) = 2 THEN (select concat(dct.fname,\' \',dct.lname) from hi.dct where dct.dct = o.dct limit 1) else \'\' END ) as Doctor \n/*\n(select concat(dct.fname,\' \',dct.lname) \n	from hi.dct \n	where (\n		CASE WHEN LENGTH(o.dct) = 5 THEN dct.lcno = o.dct \n			WHEN LENGTH(o.dct) = 4 THEN dct.dct = substr(o.dct,3,2)  \n			WHEN LENGTH(o.dct) = 2 THEN dct.dct = o.dct END )\nlimit 1) as Diag_by\n*/\nfrom hi.ovst as o \ninner join hi.pt as p on o.hn=p.hn \ninner join \n	hi.ovstdx on o.vn = ovstdx.vn \nleft join hi.ipt on o.vn = ipt.vn and ipt.dchtype in (\'8\',\'9\')\nleft join hi.mooban as m on p.moopart=m.moopart and p.tmbpart=m.tmbpart and p.amppart=m.amppart and p.chwpart=m.chwpart\nleft join hi.tumbon as t on p.tmbpart=t.tmbpart and p.amppart=t.amppart and p.chwpart=t.chwpart \nleft join hi.ampur as a on p.amppart=a.amppart and p.chwpart=a.chwpart\nleft join hi.changwat as c on p.chwpart=c.chwpart\nwhere o.ovstost = 2 and date(o.vstdttm) BETWEEN @datestart and @dateend \nand ovstdx.cnt = 1 \nunion \nSELECT \n \'IPD\' as Point,\n i.hn as HN,\n ifnull(i.an,\'\') as an, \n concat(p.fname,\' \',p.lname) as pt_name,\n p.pop_id as cid,\nconcat(p.addrpart,\' \',\nm.namemoob,\' \',\nt.nametumb,\' \',\na.nameampur) as address,\n DATE_FORMAT(date(i.dchdate),\'%d/%m/%Y\') as ddeath,\n iptdx.icd10 as cdeath,\n(select cast(group_concat(icd10 SEPARATOR \', \') as char(50)) from hi.iptdx where i.an=iptdx.an group by iptdx.an) as all_diag,\n(select icd10name from hi.icd101 where icd101.icd10=iptdx.icd10 limit 1) as name_dx,\n	(CASE WHEN LENGTH(iptdx.dct) = 5 THEN (select concat(dct.fname,\' \',dct.lname) from hi.dct where dct.lcno = iptdx.dct limit 1)  \n		WHEN LENGTH(iptdx.dct) = 4 THEN (select concat(dct.fname,\' \',dct.lname) from hi.dct where dct.dct = substr(iptdx.dct,1,2) limit 1)  \n		WHEN LENGTH(iptdx.dct) = 2 THEN (select concat(dct.fname,\' \',dct.lname) from hi.dct where dct.dct = iptdx.dct limit 1) else \'\' END ) as Doctor\n\n/* ( select concat(dct.fname,\' \',dct.lname) \n	from hi.dct \n  where (\n			CASE WHEN LENGTH(iptdx.dct) = 5 THEN dct.lcno = iptdx.dct \n			WHEN LENGTH(iptdx.dct) = 4 THEN dct.dct = substr(iptdx.dct,3,2)  \n			WHEN LENGTH(iptdx.dct) = 2 THEN dct.dct = iptdx.dct END )\nlimit 1) as Diag_by\n*/\nfrom hi.ipt as i \ninner join hi.pt as p on i.hn=p.hn \ninner join \n	hi.iptdx on i.an = iptdx.an \nleft join hi.mooban as m on p.moopart=m.moopart and p.tmbpart=m.tmbpart and p.amppart=m.amppart and p.chwpart=m.chwpart\nleft join hi.tumbon as t on p.tmbpart=t.tmbpart and p.amppart=t.amppart and p.chwpart=t.chwpart \nleft join hi.ampur as a on p.amppart=a.amppart and p.chwpart=a.chwpart\nleft join hi.changwat as c on p.chwpart=c.chwpart\nwhere date(i.dchdate) BETWEEN @datestart and @dateend and dchtype in (\'8\',\'9\')\nand iptdx.itemno = 1 \n', 'datestart,dateend', null, null, null, null, '2', null);
INSERT INTO `rep_sub_menu_item` VALUES ('54', '54', '16', 'ผ่าตัด', 'SELECT\n op.icd9cm ,\n \n GROUP_CONCAT(icd9cm2.icd9name) as ddd ,\n op.orno ,\n ors.ansstrdate \nFROM\nors  \n\nINNER JOIN op ON ors.orno = op.orno\nINNER JOIN icd9cm2 ON icd9cm2.icd9cm = op.icd9cm\nwhere  ors.ansstrdate BETWEEN \'2018-04-01\' and   \'2018-04-30\'  and  op.icd9cm <> \'8622\' and op.icd9cm <> \'863\'\nGROUP BY ors.orno  ORDER BY ansstrdate asc  ', null, null, null, null, null, '2', null);
INSERT INTO `rep_sub_menu_item` VALUES ('55', '55', '7', 'ส่งต่อ  รายเดือน ตามปีงบประมาณ', 'SELECT\ni.hospcode AS \'รหัส\'\n,i.refer_to_hos AS  \'ชื่อสถานที่ส่ง\'\n,\ncount(case when DATE_FORMAT(i.refer_date,\'%m\')=\'10\' then  i.an  end) as  \'ตค\',\ncount(case when DATE_FORMAT(i.refer_date,\'%m\')=\'11\' then  i.an  end) as  \'พย\',\ncount(case when DATE_FORMAT(i.refer_date,\'%m\')=\'12\' then  i.an  end) as  \'ธค\' ,\ncount(case when DATE_FORMAT(i.refer_date,\'%m\')=\'01\' then  i.an  end) as  \'มค\' ,\ncount(case when DATE_FORMAT(i.refer_date,\'%m\')=\'02\' then  i.an  end) as   \'กพ\',\ncount(case when DATE_FORMAT(i.refer_date,\'%m\')=\'03\' then  i.an  end) as  \'มีค\' ,\ncount(case when DATE_FORMAT(i.refer_date,\'%m\')=\'04\' then  i.an  end) as  \'เมย\' ,\ncount(case when DATE_FORMAT(i.refer_date,\'%m\')=\'05\' then  i.an  end) as  \'พค\' ,\ncount(case when DATE_FORMAT(i.refer_date,\'%m\')=\'06\' then  i.an  end) as  \'มิย\' ,\ncount(case when DATE_FORMAT(i.refer_date,\'%m\')=\'07\' then  i.an  end) as   \'กค\' ,\ncount(case when DATE_FORMAT(i.refer_date,\'%m\')=\'08\' then  i.an  end) as   \'สค\' ,\ncount(case when DATE_FORMAT(i.refer_date,\'%m\')=\'09\' then  i.an  end) as   \'กย\' ,\ncount(i.an) as amount\nfrom(\nSELECT  a.an,\n        DATE_FORMAT(a.vstdate,\'%Y-%m-%d\') as refer_date,\n        a.vsttime  as refer_time,\n       cln.namecln  as clinic,\n       icd101.icd10name ,\n       hospcode.off_id as hospcode,\n       hospcode.off_name1  as refer_to_hos\n      from\n      (SELECT \n           \n          orfro.rfrlct, \n          orfro.cln, \n          orfro.rfrcs as an, \n          orfro.icd10, \n          orfro.vstdate, \n          orfro.vsttime, \n          orfro.ward\n      FROM orfro\n      WHERE if(month(orfro.vstdate) < 10 ,year(orfro.vstdate),year(ADDDATE(orfro.vstdate,INTERVAL 1 year))) =  ?\n            and orfro.cln is not  null\n      ORDER BY orfro.vsttime asc) as a   \n      INNER join icd101 on icd101.icd10 = a.icd10\n      INNER join cln on cln.cln =a.cln\n      inner join  hospcode on hospcode.off_id = a.rfrlct  ORDER BY a.vstdate asc ) as i    GROUP BY  i.hospcode    ORDER BY amount desc', 'yearbudget', null, null, null, null, '2', null);
INSERT INTO `rep_sub_menu_item` VALUES ('56', '56', '7', 'รับ REFER เครื่อข่าย ผู้ป่วยใน รายเดือน ตามปีงบประมาณ', 'SELECT\ni.hospcode ,i.refer_in_hos,\ncount(case when DATE_FORMAT(i.refer_date,\'%m\')=\'10\' then  i.an  end) as  \'Oct\' ,\ncount(case when DATE_FORMAT(i.refer_date,\'%m\')=\'11\' then  i.an  end) as  \'Nov\' ,\ncount(case when DATE_FORMAT(i.refer_date,\'%m\')=\'12\' then  i.an  end) as  \'Dec\' ,\ncount(case when DATE_FORMAT(i.refer_date,\'%m\')=\'01\' then  i.an  end) as  \'Jan\' ,\ncount(case when DATE_FORMAT(i.refer_date,\'%m\')=\'02\' then  i.an  end) as  \'Feb\' ,\ncount(case when DATE_FORMAT(i.refer_date,\'%m\')=\'03\' then  i.an  end) as  \'Mar\' ,\ncount(case when DATE_FORMAT(i.refer_date,\'%m\')=\'04\' then  i.an  end) as  \'Apr\' ,\ncount(case when DATE_FORMAT(i.refer_date,\'%m\')=\'05\' then  i.an  end) as  \'May\' ,\ncount(case when DATE_FORMAT(i.refer_date,\'%m\')=\'06\' then  i.an  end) as  \'Jun\' ,\ncount(case when DATE_FORMAT(i.refer_date,\'%m\')=\'07\' then  i.an  end) as  \'July\' ,\ncount(case when DATE_FORMAT(i.refer_date,\'%m\')=\'08\' then  i.an  end) as  \'Aug\' ,\n count(case when DATE_FORMAT(i.refer_date,\'%m\')=\'09\' then  i.an  end) as  \'Sep\',\ncount(refer_date) as amount\n\n\nfrom(\n\nSELECT\na.an,\nDATE_FORMAT(a.rgtdate ,\'%Y-%m-%d\') as  refer_date,\n  a.rgttime  ,\n  idpm.nameidpm   ,\n  icd101.icd10name   ,\nhospcode.off_name1  as refer_in_hos,\nhospcode.off_id  as hospcode\nfrom\n(SELECT \n ipt.an,\n \n	orfri.rfrno, \n	\norfri.rfrlct, \n      ipt.ward, \n  ipt.prediag,\n	ipt.rgtdate, \n	ipt.rgttime\nFROM ipt  \n\nINNER JOIN orfri ON ipt.vn = orfri.vn\n	 where  if(month(ipt.rgtdate) < 10 ,year(ipt.rgtdate),year(ADDDATE(ipt.rgtdate,INTERVAL 1 year)))  = ?  ) as a\nINNER JOIN hospcode on hospcode.off_id = a.rfrlct\nINNER JOIN icd101 on icd101.icd10 = a.prediag\nINNER join idpm on idpm.idpm =a.ward  ORDER BY a.rgttime  asc) as i GROUP BY i.hospcode ,i.refer_in_hos  ORDER BY amount  desc', 'yearbudget', null, null, null, null, '2', null);
INSERT INTO `rep_sub_menu_item` VALUES ('57', '57', '15', 'โรคจิต คนครั้ง ตามปีงบประมาณ', 'select \n(case \nwhen \n	d.icd10 like \'F2%\' then \'โรคจิต\' \nwhen \n	d.icd10 like \'F4%\' then \'โรควิตกกังวล\' \nwhen \n	d.icd10 like \'F3%\' then \'โรคซึมเศร้า\' \nwhen \n	d.icd10 like \'F7%\' then \'โรคปัญญาอ่อน\' \nwhen \n	d.icd10 like \'G4%\' then \'โรคลมชัก\' \nwhen \n	d.icd10 like \'F1%\' then \'โรคสารเสพติด\' \nwhen \n	d.icd10 like \'X%\' then \'พยายามฆ่าตัวตายหรือฆ่าตัวตาย\' \nwhen \n		(d.icd10 like \'F0%\' \n		or\n		d.icd10 like \'F5%\' \n		or\n		d.icd10 like \'F6%\' \n		or\n		d.icd10 like \'F8%\' \n		or\n		d.icd10 like \'F9%\')\n then \'ปัญหาสุขภาพจิตอื่นๆ\' \nwhen \n	d.icd10 in (\'F840\',\'F841\') then \'ป่วยออทิสติก\' \nwhen \n	d.icd10 in (\'F050\',\'F051\',\'F059\',\'F104\') then \'Delirium\' \nend) as disease\n,count(distinct o.hn) as `คน`\n,count(distinct o.vn) as `ครั้ง`\nfrom ovst as o \ninner join ovstdx as d on o.vn=d.vn \n	and \n	( \n		d.icd10 like \'F2%\' \n		or\n		d.icd10 like \'F4%\' \n		or\n		d.icd10 like \'F7%\' \n		or\n		d.icd10 like \'F31%\' \n		or\n		d.icd10 like \'F32%\' \n		or\n		d.icd10 like \'F33%\' \n		or\n		d.icd10 like \'F34%\' \n		or\n		d.icd10 like \'F38%\' \n		or\n		d.icd10 like \'F39%\' \n		or\n		d.icd10 like \'F1%\' \n		or\n		d.icd10 like \'G40%\' \n		or\n		d.icd10 like \'G41%\' \n		or\n		d.icd10 between \'X0\' and \'X6999\'\n		or\n		d.icd10 like \'X84%\' \n		or\n		d.icd10 like \'F0%\' \n		or\n		d.icd10 like \'F5%\' \n		or\n		d.icd10 like \'F6%\' \n		or\n		d.icd10 like \'F8%\' \n		or\n		d.icd10 like \'F9%\' \n) \nwhere if(month(o.vstdttm) < 10 ,year(o.vstdttm),year(ADDDATE(o.vstdttm,INTERVAL 1 year))) = ?\ngroup by  disease', 'yearbudget', null, null, null, null, '2', null);
INSERT INTO `rep_sub_menu_item` VALUES ('58', '58', '15', 'โรคจิต  คนครั้ง แยก รายเดือน ตามปีงบประมาณ', 'select \n(case \nwhen \n	d.icd10 like \'F2%\' then \'โรคจิต\' \nwhen \n	d.icd10 like \'F4%\' then \'โรควิตกกังวล\' \nwhen \n	d.icd10 like \'F3%\' then \'โรคซึมเศร้า\' \nwhen \n	d.icd10 like \'F7%\' then \'โรคปัญญาอ่อน\' \nwhen \n	d.icd10 like \'G4%\' then \'โรคลมชัก\' \nwhen \n	d.icd10 like \'F1%\' then \'โรคสารเสพติด\' \nwhen \n	d.icd10 like \'X%\' then \'พยายามฆ่าตัวตายหรือฆ่าตัวตาย\' \nwhen \n		(d.icd10 like \'F0%\' \n		or\n		d.icd10 like \'F5%\' \n		or\n		d.icd10 like \'F6%\' \n		or\n		d.icd10 like \'F8%\' \n		or\n		d.icd10 like \'F9%\')\n then \'ปัญหาสุขภาพจิตอื่นๆ\' \nwhen \n	d.icd10 in (\'F840\',\'F841\') then \'ป่วยออทิสติก\' \nwhen \n	d.icd10 in (\'F050\',\'F051\',\'F059\',\'F104\') then \'Delirium\' \nend) as disease\n,count(distinct case month(o.vstdttm) when 10 then o.hn end) as \'ตค คน\'\n,count(distinct case month(o.vstdttm) when 10 then o.vn end) as \'ตค ครั้ง\'\n,count(distinct case month(o.vstdttm) when 10 then o.hn end) as \'พย คน\'\n,count(distinct case month(o.vstdttm) when 10 then o.vn end) as \'พย ครั้ง\'\n,count(distinct case month(o.vstdttm) when 10 then o.hn end) as \'ธค คน\'\n,count(distinct case month(o.vstdttm) when 10 then o.vn end) as \'ธค ครั้ง\'\n,count(distinct case month(o.vstdttm) when 10 then o.hn end) as \'มค คน\'\n,count(distinct case month(o.vstdttm) when 10 then o.vn end) as \'มค ครั้ง\'\n,count(distinct case month(o.vstdttm) when 10 then o.hn end) as \'กพ คน\'\n,count(distinct case month(o.vstdttm) when 10 then o.vn end) as \'กพ ครั้ง\'\n,count(distinct case month(o.vstdttm) when 10 then o.hn end) as \'มีค คน\'\n,count(distinct case month(o.vstdttm) when 10 then o.vn end) as \'มีค ครั้ง\'\n,count(distinct case month(o.vstdttm) when 10 then o.hn end) as \'เมย คน\'\n,count(distinct case month(o.vstdttm) when 10 then o.vn end) as \'เมย ครั้ง\'\n,count(distinct case month(o.vstdttm) when 10 then o.hn end) as \'พค คน\'\n,count(distinct case month(o.vstdttm) when 10 then o.vn end) as \'พค ครั้ง\'\n,count(distinct case month(o.vstdttm) when 10 then o.hn end) as \'มิย คน\'\n,count(distinct case month(o.vstdttm) when 10 then o.vn end) as \'มิย ครั้ง\'\n,count(distinct case month(o.vstdttm) when 10 then o.hn end) as \'กค คน\'\n,count(distinct case month(o.vstdttm) when 10 then o.vn end) as \'กค ครั้ง\'\n,count(distinct case month(o.vstdttm) when 10 then o.hn end) as \'สค คน\'\n,count(distinct case month(o.vstdttm) when 10 then o.vn end) as \'สค ครั้ง\'\n,count(distinct case month(o.vstdttm) when 10 then o.hn end) as \'กย คน\'\n,count(distinct case month(o.vstdttm) when 10 then o.vn end) as \'กย ครั้ง\'\n,count(distinct o.hn) as \'รวม คน\'\n,count(distinct o.vn) as \'รวม ครั้ง\'\nfrom ovst as o \ninner join ovstdx as d on o.vn=d.vn \n	and \n	( \n		d.icd10 like \'F2%\' \n		or\n		d.icd10 like \'F4%\' \n		or\n		d.icd10 like \'F7%\' \n		or\n		d.icd10 like \'F31%\' \n		or\n		d.icd10 like \'F32%\' \n		or\n		d.icd10 like \'F33%\' \n		or\n		d.icd10 like \'F34%\' \n		or\n		d.icd10 like \'F38%\' \n		or\n		d.icd10 like \'F39%\' \n		or\n		d.icd10 like \'F1%\' \n		or\n		d.icd10 like \'G40%\' \n		or\n		d.icd10 like \'G41%\' \n		or\n		d.icd10 between \'X0\' and \'X6999\'\n		or\n		d.icd10 like \'X84%\' \n		or\n		d.icd10 like \'F0%\' \n		or\n		d.icd10 like \'F5%\' \n		or\n		d.icd10 like \'F6%\' \n		or\n		d.icd10 like \'F8%\' \n		or\n		d.icd10 like \'F9%\' \n) \nwhere if(month(o.vstdttm) < 10 ,year(o.vstdttm),year(ADDDATE(o.vstdttm,INTERVAL 1 year))) = ?\ngroup by disease', 'yearbudget', null, null, null, null, '2', null);
INSERT INTO `rep_sub_menu_item` VALUES ('59', '59', '7', 'รับ ส่งต่อ ผู้ป่วย รายเดือน  ตามปีงบประมาณ', 'select \ni.hospcode ,i.refer_in_hos,\ncount(case when DATE_FORMAT(i.rgtdate,\'%m\')=\'10\' then  i.an  end) as  \'Oct\' ,\ncount(case when DATE_FORMAT(i.rgtdate,\'%m\')=\'11\' then  i.an  end) as  \'Nov\' ,\ncount(case when DATE_FORMAT(i.rgtdate,\'%m\')=\'12\' then  i.an  end) as  \'Dec\' ,\ncount(case when DATE_FORMAT(i.rgtdate,\'%m\')=\'01\' then  i.an  end) as  \'Jan\' ,\ncount(case when DATE_FORMAT(i.rgtdate,\'%m\')=\'02\' then  i.an  end) as  \'Feb\' ,\ncount(case when DATE_FORMAT(i.rgtdate,\'%m\')=\'03\' then  i.an  end) as  \'Mar\' ,\ncount(case when DATE_FORMAT(i.rgtdate,\'%m\')=\'04\' then  i.an  end) as  \'Apr\' ,\ncount(case when DATE_FORMAT(i.rgtdate,\'%m\')=\'05\' then  i.an  end) as  \'May\' ,\ncount(case when DATE_FORMAT(i.rgtdate,\'%m\')=\'06\' then  i.an  end) as  \'Jun\' ,\ncount(case when DATE_FORMAT(i.rgtdate,\'%m\')=\'07\' then  i.an  end) as  \'July\' ,\ncount(case when DATE_FORMAT(i.rgtdate,\'%m\')=\'08\' then  i.an  end) as  \'Aug\' ,\n count(case when DATE_FORMAT(i.rgtdate,\'%m\')=\'09\' then  i.an  end) as  \'Sep\',\ncount(rgtdate) as amount\n\n\nfrom(\nSELECT\n        DATE_FORMAT(a.rgtdate,\'%Y-%m-%d\')as rgtdate,\n             a.rgttime as refer_time,\n          idpm.nameidpm  as dprtm,\n          icd101.icd10name,\n        hospcode.off_name1  as refer_in_hos,\na.an,\nhospcode.off_id as hospcode\n        \n        from\n        (SELECT \n         \n         ipt.an,\n            orfri.rfrno, \n            \n        orfri.rfrlct, \n              ipt.ward, \n          ipt.prediag,\n            ipt.rgtdate, \n            ipt.rgttime\n        FROM ipt  \n        \n        INNER JOIN orfri ON ipt.vn = orfri.vn\n              where  if(month(ipt.rgtdate) < 10 ,year(ipt.rgtdate),year(ADDDATE(ipt.rgtdate,INTERVAL 1 year)))  = ? )   as a\n        INNER JOIN hospcode on hospcode.off_id = a.rfrlct\n        INNER JOIN icd101 on icd101.icd10 = a.prediag\n        INNER join idpm on idpm.idpm =a.ward  ORDER BY a.rgttime  asc) as i  GROUP BY i.hospcode    ORDER BY amount  desc', 'yearbudget', null, null, null, null, '2', null);
INSERT INTO `rep_sub_menu_item` VALUES ('60', '60', '1', 'Revisit ค้นหา ตามวัน', 'select \n       a.hn,a.fullname,\n       a.cid ,\n         \n        a.sex,a.age, \n        a.first_dx as dx ,DATE_FORMAT(a.first_visit,\'%Y-%m-%d\')as fvisit\n        ,DATE_FORMAT(a.revisit,\'%Y-%m-%d\') as revisit,a.revisit_time as revtime\n        from(\n        select \n        p.hn,\n        p.pop_id as cid,\n        concat(p.fname,\' \',p.lname) as fullname,\n        m.namemale as sex,\n        floor(datediff(date(o.vstdttm),p.brthdate)/365.25) as age,\n        d1.icd10 as first_dx,\n        d2.icd10  as secon_dx,\n        \n        d2.vstdttm as first_visit,\n        o.vstdttm as revisit,\n        (TIMEDIFF(o.vstdttm,d2.vstdttm)) as revisit_time,\n        p.fdate\n        from hi.ovst as o\n        inner join hi.pt as p on p.hn=o.hn\n        inner join hi.male as m on p.male=m.male\n        inner join hi.ovstdx as d1 on o.vn=d1.vn and d1.icd10 not like \'Z%\'\n        inner join (\n        select hn,vstdttm,icd10 \n        from hi.ovst \n        inner join hi.ovstdx on ovst.vn=ovstdx.vn and icd10 not like \'Z%\' \n        where   date(ovst.vstdttm) between date_add(curdate(),interval -2 day)     \n           AND  curdate()\n        ) as d2 on (TIMEDIFF(o.vstdttm,d2.vstdttm) between 1 and 475959) and o.hn=d2.hn and d2.icd10=d1.icd10\n        where   date(o.vstdttm) between date_add(curdate(),interval -2 day)     \n         AND  curdate()  group by first_visit) as a where  date(a.revisit) = CURDATE() and date(a.fdate) <> CURDATE()', null, null, null, null, null, null, null);
INSERT INTO `rep_sub_menu_item` VALUES ('61', '61', '17', 'ค้นหาการเด็กเกิด  รายวัน', 'SELECT\nDATE_FORMAT(c.brthdate,\'%Y-%m-%d\') as  brthdate,\nc.brthtime,\n IF(c.male =\'1\', \"ชาย\", \"หญิง\") AS sex, \nc.brthwt,\nIF(c.alive =\'1\',\"มีชีวิต\",\"ตาย\") as alive,\nc.apgar1,\nc.apgar5 \n\n   FROM\n \nchild c where  c.brthdate  BETWEEN ? and  ?', 'datestart,dateend', null, null, null, '0', '1', null);
INSERT INTO `rep_sub_menu_item` VALUES ('62', '62', '17', 'สรุป น้ำหนัก ,เพศ,apgar1&5  ค้นหาตามวันที่', 'SELECT\n CASE \nWHEN c.brthwt BETWEEN 0 and 2500  THEN \'0-2499\'\nWHEN c.brthwt BETWEEN 2501 and 4000 THEN \'2500-4000\'\nELSE \'>4000\' \nEND AS brthwt_Range,\nSUM(CASE WHEN  c.male= \'1\' THEN 1 ELSE 0 END) AS Males,\nSUM(CASE WHEN  c.male= \'2\' THEN 1 ELSE 0 END) AS Females  ,\nSUM(CASE WHEN  c.alive= \'1\' THEN 1 ELSE 0 END) AS alive  ,\nSUM(CASE WHEN  c.alive= \'2\' THEN 1 ELSE 0 END) AS dead  ,\nSUM(CASE WHEN  c.apgar1 between 0 and 8 THEN 1 ELSE 0 END) AS apgar1_0_8  ,\nSUM(CASE WHEN  c.apgar1 between 9 and 10 THEN 1 ELSE 0 END) AS apgar1_9_10 ,\nSUM(CASE WHEN  c.apgar5 between 0 and 8 THEN 1 ELSE 0 END) AS apgar5_0_8  ,\nSUM(CASE WHEN  c.apgar5 between 9 and 10 THEN 1 ELSE 0 END) AS apgar5_9_10  \nFROM\nchild c where\nc.brthdate  BETWEEN ?  and ? GROUP BY\nCASE\n WHEN c.brthwt BETWEEN 0 and 2499  THEN \'0-2499\'\n WHEN c.brthwt BETWEEN 2500 and 4000 THEN \'2500-4000\'\n ELSE \'>4000\' \n END', 'datestart,dateend', null, null, null, '0', '1', null);
INSERT INTO `rep_sub_menu_item` VALUES ('63', '63', '17', 'วิธีการคลอด แยกตามกลุ่มอายุ ค้นหาตามวัน', 'SELECT\nCASE\nWHEN a.bbrth BETWEEN 0 and 16  THEN \'0-16\'\nWHEN a.bbrth BETWEEN 17 and 25  THEN \'17-25\'\nWHEN a.bbrth BETWEEN 26 and 45 THEN \'26-45\'\nELSE \'>46\' \nEND AS GrAge_Range,\nsum(a.ElecCS) as ELECT_CS,\nsum(a.CS)AS Emergency_CS,\nsum(a.vacuam)as vacuam,\nsum(a.spontaneous)as Spontaneous,\nsum(a.non) as NonSet,\nsum(a.total) as Total\nFROM(\nSELECT \nlr.hn,\nDATE_FORMAT(now(),\'%Y\')-year(pt.brthdate) AS bbrth,\nsum(CASE WHEN  lr.bresult = \'O820\' THEN 1 ELSE 0 END) AS ElecCS  ,\nsum(CASE WHEN  lr.bresult = \'O829\' THEN 1 ELSE 0 END) AS CS  ,\nsum(CASE WHEN  lr.bresult = \'O814\' THEN 1 ELSE 0 END) AS vacuam ,\nsum(CASE WHEN  lr.bresult = \'O809\' THEN 1 ELSE 0 END) AS spontaneous ,\nsum(CASE WHEN  lr.bresult = \'\' THEN 1 ELSE 0 END) AS non ,\ncount(lr.bresult) as total\nFROM\nlr\nINNER JOIN pt ON lr.hn = pt.hn\nleft JOIN icd101 ON lr.bresult = icd101.icd10\nwhere  lr.brthdate between ?  and  ?\nGROUP BY\nlr.brthdate,hn  ,lr.bresult,icd101.icd10name) as a\nGROUP BY\nCASE\nWHEN a.bbrth BETWEEN 0 and 16  THEN \'0-16\'\nWHEN a.bbrth BETWEEN 17 and 25  THEN \'17-25\'\nWHEN a.bbrth BETWEEN 26 and 45 THEN \'26-45\'\nELSE \'>46\' END', 'datestart,dateend', null, null, null, '0', '1', null);
INSERT INTO `rep_sub_menu_item` VALUES ('64', '64', '1', 'ผู้ป่วยนอก    10  อันดับ  รายปีงบประมาณ', 'select a.icd10,icd101.icd10name,a.amount from(SELECT\novstdx.icd10, \n \nCount(ovstdx.id) AS amount\nFROM\novst\nINNER JOIN ovstdx ON ovstdx.vn = ovst.vn\n\nWHERE    if(month(ovst.vstdttm) < 10 ,year(ovst.vstdttm),year(ADDDATE(ovst.vstdttm,INTERVAL 1 year)))  = ?\n \n\nAND NOT (ovstdx.icd10 like \'V%\' OR ovstdx.icd10  LIKE \'W%\'OR ovstdx.icd10  LIKE \'X%\'OR ovstdx.icd10  LIKE \'Y%\')\n	 and ovstdx.icd10 not in( \'Z370\',\'Z232\',\'Z246\'\n,\'Z480\',\'Z133\',\'Z00\',\'Z242\',\'U77\') \n      AND ovst.an=0\ngroup by ovstdx.icd10\norder by amount  desc\nlimit 10)as a INNER JOIN icd101 on icd101.icd10 = a.icd10  ORDER BY a.amount desc', 'yearbudget', null, null, null, '0', '1', null);
INSERT INTO `rep_sub_menu_item` VALUES ('65', '65', '10', 'ผ่าตัดค้นหาตามวัน', 'SELECT\nDATE_FORMAT(a1.opstpdate,\'%Y-%m-%d\') as opstpdate,   a1.opstptime, GROUP_CONCAT(cm.icd9name) as icd9name ,a1.nameidpm ,a1.optype,GROUP_CONCAT(a1.icd9cm) as icd9cm,a1.orno\nfrom(SELECT\ndate(o.opstpdate) as opstpdate,\ntime(o.opstpdate)as opstptime,\nopr.icd9cm,\ni.ward,\nid.nameidpm ,\no.orno ,\no.dct,\no.optype\nFROM\nors AS o\nINNER JOIN op AS opr ON opr.orno = o.orno\nINNER JOIN ipt AS i ON i.vn = o.vn AND i.an = o.an AND i.hn = o.hn\nINNER JOIN idpm as id ON id.idpm = i.ward\nWHERE\n\ndate(o.opstrdate) BETWEEN ?  and ?  GROUP BY o.orno ) as a1 \nINNER JOIN icd9cm2 cm on cm.icd9cm  = a1.icd9cm  GROUP BY a1.orno ORDER BY a1.orno asc', 'datestart,dateend', null, null, null, '0', '1', null);
INSERT INTO `rep_sub_menu_item` VALUES ('66', '66', '10', 'อันดับหัตถการ ห้องผ่าตัด ค้นหาตามวัน', 'SELECT\n @row:=@row+1 AS num,\nc.icd9cm,c.icd9name,c.amount\nfrom(\nSELECT\n \na2.icd9cm,a2.icd9name,\nsum(CASE WHEN  a2.icd9cm  THEN 1 ELSE 0 END) AS amount  \nfrom(\nSELECT\na1.opstpdate, a1.opstptime, GROUP_CONCAT(cm.icd9name) as icd9name ,a1.nameidpm ,a1.optype,GROUP_CONCAT(a1.icd9cm) as icd9cm,a1.orno\nfrom(SELECT\ndate(o.opstpdate) as opstpdate,\ntime(o.opstpdate)as opstptime,\nopr.icd9cm,\ni.ward,\nid.nameidpm ,\no.orno ,\no.dct,\no.optype\nFROM\nors AS o\nINNER JOIN op AS opr ON opr.orno = o.orno\nINNER JOIN ipt AS i ON i.vn = o.vn AND i.an = o.an AND i.hn = o.hn\nINNER JOIN idpm as id ON id.idpm = i.ward\nWHERE\n\ndate(o.opstrdate) BETWEEN ?  and ? GROUP BY o.orno ) as a1 \nINNER JOIN icd9cm2 cm on cm.icd9cm  = a1.icd9cm  GROUP BY a1.orno ORDER BY a1.icd9cm asc  )as a2 GROUP BY a2.icd9cm ,(SELECT @row:=0) ORDER BY  amount desc    ) as c ', 'datestart,dateend', null, null, null, '0', '1', null);
INSERT INTO `rep_sub_menu_item` VALUES ('67', '67', '10', 'ผู้ป่วยผ่าตัด (Local) ค้นหาตามวัน  ', 'select\n@row:=@row+1 AS num\n,c.opstpdate,c.opstptime,c.hn,c.icd9cm,c.icd9name,c.nameidpm\n\nfrom(\nSELECT\n \n\na1.orno,\nDATE_FORMAT(a1.opstpdate,\'%Y-%m-%d\') as opstpdate\n, a1.opstptime,a1.hn, GROUP_CONCAT(a1.icd9cm) as icd9cm ,GROUP_CONCAT(cm.icd9name) as \nicd9name    ,a1.nameidpm\nfrom(SELECT\ndate(o.opstpdate) as opstpdate,\ntime(o.opstpdate)as opstptime,\nopr.icd9cm,\ni.ward,\nid.nameidpm ,\no.orno ,\no.dct,\no.optype ,\no.hn\n\n \nFROM\nors AS o\nINNER JOIN op AS opr ON opr.orno = o.orno\nINNER JOIN ipt AS i ON i.vn = o.vn AND i.an = o.an AND i.hn = o.hn\nINNER JOIN idpm as id ON id.idpm = i.ward\nWHERE\n\ndate(o.opstrdate) BETWEEN ? and ? and o.ansval1 = \'900\'  GROUP BY o.orno ORDER BY o.orno asc   )as a1 \nINNER JOIN icd9cm2 cm on cm.icd9cm  = a1.icd9cm  GROUP BY a1.orno  ORDER BY a1.orno  asc ,(SELECT @row:=0)) as c', 'datestart,dateend', null, null, 'HI', '0', '1', null);
INSERT INTO `rep_sub_menu_item` VALUES ('68', '68', '10', 'ผ่าตัดไม่นับ  Local ค้นหาตามวัน', '\n\nselect\n@row:=@row+1 AS num\n,c.opstpdate,c.opstptime,c.hn,c.icd9cm,c.icd9name,c.nameidpm\n\nfrom(\nSELECT\n \n\na1.orno,\nDATE_FORMAT(a1.opstpdate,\'%Y-%m-%d\') as opstpdate\n, a1.opstptime,a1.hn, GROUP_CONCAT(a1.icd9cm) as icd9cm ,GROUP_CONCAT(cm.icd9name) as \nicd9name    ,a1.nameidpm\nfrom(SELECT\ndate(o.opstpdate) as opstpdate,\ntime(o.opstpdate)as opstptime,\nopr.icd9cm,\ni.ward,\nid.nameidpm ,\no.orno ,\no.dct,\no.optype ,\no.hn\n\n \nFROM\nors AS o\nINNER JOIN op AS opr ON opr.orno = o.orno\nINNER JOIN ipt AS i ON i.vn = o.vn AND i.an = o.an AND i.hn = o.hn\nINNER JOIN idpm as id ON id.idpm = i.ward\nWHERE\n\ndate(o.opstrdate) BETWEEN ?  and ? and o.ansval1 != \'900\'  GROUP BY o.orno ORDER BY o.orno asc   )as a1 \nINNER JOIN icd9cm2 cm on cm.icd9cm  = a1.icd9cm  GROUP BY a1.orno  ORDER BY a1.orno  asc ,(SELECT @row:=0)) as c', 'datestart,dateend', null, null, null, '0', '1', null);
INSERT INTO `rep_sub_menu_item` VALUES ('69', '69', '10', 'จำนวนcaseไม่ใช้ LOCAL ผ่าตัดแยกตามตึก  ค้นหาตามวัน', 'select\n  c.nameidpm,count(c.hn) as amount\n\nfrom(\nSELECT\n \n\na1.orno,\nDATE_FORMAT(a1.opstpdate,\'%Y-%m-%d\') as opstpdate\n, a1.opstptime,a1.hn, GROUP_CONCAT(a1.icd9cm) as icd9cm ,GROUP_CONCAT(cm.icd9name) as \nicd9name    ,a1.nameidpm,a1.idpm\nfrom(SELECT\ndate(o.opstpdate) as opstpdate,\ntime(o.opstpdate)as opstptime,\nopr.icd9cm,\ni.ward,\nid.nameidpm ,\no.orno ,\no.dct,\no.optype ,\no.hn,\nid.idpm\n \nFROM\nors AS o\nINNER JOIN op AS opr ON opr.orno = o.orno\nINNER JOIN ipt AS i ON i.vn = o.vn AND i.an = o.an AND i.hn = o.hn\nINNER JOIN idpm as id ON id.idpm = i.ward\nWHERE\n\ndate(o.opstrdate) BETWEEN ?  and ? and o.ansval1 != \'900\'  GROUP BY o.orno ORDER BY o.orno asc   )as a1 \nINNER JOIN icd9cm2 cm on cm.icd9cm  = a1.icd9cm  GROUP BY a1.orno  ORDER BY a1.orno  asc  ) as c  GROUP BY idpm  ORDER BY amount desc', 'datestart,dateend', null, null, 'HI', '0', '1', null);
INSERT INTO `rep_sub_menu_item` VALUES ('70', '70', '10', 'จำนวนผ่าตัดแยกตามตึก  (LOCAL  CASE )ค้นตามวัน', 'select\n  c.nameidpm,count(c.hn) as amount\n\nfrom(\nSELECT\n \n\na1.orno,\nDATE_FORMAT(a1.opstpdate,\'%Y-%m-%d\') as opstpdate\n, a1.opstptime,a1.hn, GROUP_CONCAT(a1.icd9cm) as icd9cm ,GROUP_CONCAT(cm.icd9name) as \nicd9name    ,a1.nameidpm,a1.idpm\nfrom(SELECT\ndate(o.opstpdate) as opstpdate,\ntime(o.opstpdate)as opstptime,\nopr.icd9cm,\ni.ward,\nid.nameidpm ,\no.orno ,\no.dct,\no.optype ,\no.hn,\nid.idpm\n \nFROM\nors AS o\nINNER JOIN op AS opr ON opr.orno = o.orno\nINNER JOIN ipt AS i ON i.vn = o.vn AND i.an = o.an AND i.hn = o.hn\nINNER JOIN idpm as id ON id.idpm = i.ward\nWHERE\n\ndate(o.opstrdate) BETWEEN ?  and ? and o.ansval1 = \'900\'  GROUP BY o.orno ORDER BY o.orno asc   )as a1 \nINNER JOIN icd9cm2 cm on cm.icd9cm  = a1.icd9cm  GROUP BY a1.orno  ORDER BY a1.orno  asc  ) as c  GROUP BY idpm  ORDER BY amount desc', 'datestart,dateend', null, null, 'HI', '0', '1', null);
INSERT INTO `rep_sub_menu_item` VALUES ('71', '71', '10', 'หัตถการ ค้นหาแพทย์ วันที่', ' select \nDATE_FORMAT(lor.opstpdate,\'%Y-%m-%d\') as opstpdate,\nlor.opstrtime,\nlor.opstptime,\n\nlor.dct,lor.fname,lor.lname,\nlor.icd9cm,lor.icd9name \n \nfrom(\nSELECT\n a1.orno,\nDATE_FORMAT(a1.opstpdate,\'%Y-%m-%d\') as opstpdate\n, a1.opstptime,a1.hn, GROUP_CONCAT(a1.icd9cm) as icd9cm ,GROUP_CONCAT(cm.icd9name) as \nicd9name    ,a1.nameidpm,a1.idpm,a1.dct2,a1.dct,d.fname,d.lname,a1.opstrtime\nfrom(SELECT\ndate(o.opstpdate) as opstpdate,\ntime(o.opstpdate)as opstptime,\ntime(o.opstrdate) as opstrtime,\n\nopr.icd9cm,\ni.ward,\nid.nameidpm ,\no.orno ,\no.dct,\no.optype ,\no.hn,\nid.idpm,\n \n0.dct2\n \nFROM\nors AS o\nINNER JOIN op AS opr ON opr.orno = o.orno\nINNER JOIN ipt AS i ON i.vn = o.vn AND i.an = o.an AND i.hn = o.hn\nINNER JOIN idpm as id ON id.idpm = i.ward\n \nWHERE\n\ndate(o.opstrdate) BETWEEN ? and ? and o.dct = ?  GROUP BY o.orno ORDER BY o.orno asc   )as a1 \nINNER JOIN icd9cm2 cm on cm.icd9cm  = a1.icd9cm \n\nINNER JOIN  dct d on d.lcno = a1.dct\n \n GROUP BY a1.orno  ORDER BY a1.orno  asc ) lor    ', 'datestart,dateend,dct', null, 'HI', 'กรอก เลข  LCNO  ', '0', '1', null);
INSERT INTO `rep_sub_menu_item` VALUES ('72', '73', '21', 'โรคเรื้อรัง Cancer', 'select \na.yearbudget,\nif(a.vn is null,\'B\',\'A\') as kpi,\ncount(distinct (case m when 10 then a.an end)) as m10,\ncount(distinct (case m when 11 then a.an end)) as m11,\ncount(distinct (case m when 12 then a.an end)) as m12,\ncount(distinct (case m when 1 then a.an end)) as m1,\ncount(distinct (case m when 2 then a.an end)) as m2,\ncount(distinct (case m when 3 then a.an end)) as m3,\ncount(distinct (case m when 4 then a.an end)) as m4,\ncount(distinct (case m when 5 then a.an end)) as m5,\ncount(distinct (case m when 6 then a.an end)) as m6,\ncount(distinct (case m when 7 then a.an end)) as m7,\ncount(distinct (case m when 8 then a.an end)) as m8,\ncount(distinct (case m when 9 then a.an end)) as m9,\ncount(distinct  a.an ) as total\nfrom \n(select distinct \nif(month(o.vstdttm) between 10 and 12,year(date_add(date(o.vstdttm),INTERVAL 1 year)),year(o.vstdttm)) as yearbudget,\nmonth(o.vstdttm) as m,\ni.an,a.vn\nfrom \nhi.ovst as o \ninner join hi.ipt as i on o.an=i.an \ninner join hi.iptdx as x on i.an=x.an \n	and \n	(\n		(\n			itemno = 1 \n			and (\n				x.icd10 in (\'Z510\',\'Z511\')\n				or x.icd10 between \'C00\' and \'C97\' \n				or x.icd10 between \'D00\' and \'D09\' \n			)\n		)\n	or \n	( \n		itemno != 1 \n			and (\n				x.icd10 between \'C00\' and \'C97\' \n				or x.icd10 between \'D00\' and \'D09\' \n			)\n		)\n	) \nleft join hi.oapp as a on o.hn=a.hn and date(o.vstdttm) between a.vstdate and a.fudate and date(o.vstdttm) != a.fudate\n) as a \nwhere a.yearbudget = ?\ngroup by a.yearbudget,kpi', 'yearbudget', null, 'HI', 'axb/100', '0', '1', null);
INSERT INTO `rep_sub_menu_item` VALUES ('73', '75', '2', 'EDC คนแยกค่าใช้จ่าย', 'SELECT\nincoth.vn,inspt.hn,\nDATE_FORMAT(incoth.date,\'%Y-%m-%d\') as date,incoth.time ,\nincoth.pttype, \n \n\n \ncln.cln,\ncln.namecln,\nincoth.income,\nincome.namecost,\nincoth.rcptamt\n\nFROM\nincoth\n\nINNER JOIN inspt ON inspt.vn = incoth.vn\nleft JOIN income ON income.costcenter= incoth.income\nINNER JOIN ovst on ovst.vn = incoth.vn\n INNER JOIN cln on cln.cln = ovst.cln\nwhere  DATE_FORMAT(incoth.date,\'%Y-%m-%d\') between ? and ?  and inspt.permitno <> \'\' order by  hn  asc', 'datestart,dateend', null, 'HI', 'เรัยงตาม  HN', '0', '2', null);
INSERT INTO `rep_sub_menu_item` VALUES ('74', '76', '2', 'EDC แยกตาม ค่าใช้จ่าย', 'set @datestart= ? ; set @dateend = ? ;\nSELECT\n incoth.income,income.namecost,\n    (CASE\n                WHEN  incoth.income = \'01\' THEN sum(incoth.rcptamt)  \n                WHEN incoth.income = \'02\' THEN sum(incoth.rcptamt)  \n                 WHEN  incoth.income = \'03\' THEN sum(incoth.rcptamt)  \n                WHEN  incoth.income = \'04\' THEN sum(incoth.rcptamt)  \n                WHEN incoth.income = \'05\' THEN sum(incoth.rcptamt) \n                WHEN  incoth.income = \'06\' THEN sum(incoth.rcptamt)  \n                WHEN incoth.income = \'07\' THEN sum(incoth.rcptamt)  \n                WHEN  incoth.income = \'08\' THEN sum(incoth.rcptamt)  \n                WHEN incoth.income = \'09\' THEN sum(incoth.rcptamt) \n                WHEN  incoth.income = \'10\' THEN sum(incoth.rcptamt)  \n                WHEN  incoth.income = \'11\' THEN sum(incoth.rcptamt)  \n                WHEN incoth.income = \'12\' THEN sum(incoth.rcptamt)  \n                WHEN  incoth.income = \'13\' THEN sum(incoth.rcptamt)  \n                WHEN incoth.income = \'14\' THEN sum(incoth.rcptamt)  \n                WHEN  incoth.income = \'15\' THEN sum(incoth.rcptamt)  \n                WHEN incoth.income = \'16\' THEN sum(incoth.rcptamt) \n                WHEN  incoth.income = \'17\' THEN sum(incoth.rcptamt)  \n                WHEN  incoth.income = \'18\' THEN sum(incoth.rcptamt)  \n                WHEN incoth.income = \'19\' THEN sum(incoth.rcptamt) \n                WHEN  incoth.income = \'20\' THEN sum(incoth.rcptamt)  \n                WHEN incoth.income = \'21\' THEN sum(incoth.rcptamt)  \n                 ELSE 0\n               END) AS amount\n \n\nFROM\nincoth\n\nINNER JOIN inspt ON inspt.vn = incoth.vn\nleft JOIN income ON income.costcenter= incoth.income\nINNER JOIN ovst on ovst.vn = incoth.vn\n INNER JOIN cln on cln.cln = ovst.cln\nwhere  DATE_FORMAT(incoth.date,\'%Y-%m-%d\') between @datestart  and @dateend        and inspt.permitno <> \'\'           GROUP BY incoth.income,income.nameinc \n\n\nUNION\nSELECT\n\'\' as income,\'รวม\' as namecost,\n   \n            sum(incoth.rcptamt) AS amount\n \n\nFROM\nincoth\n\nINNER JOIN inspt ON inspt.vn = incoth.vn\nleft JOIN income ON income.costcenter= incoth.income\nINNER JOIN ovst on ovst.vn = incoth.vn\n INNER JOIN cln on cln.cln = ovst.cln\nwhere  DATE_FORMAT(incoth.date,\'%Y-%m-%d\') between @datestart and @dateend  and inspt.permitno <> \'\'\n', 'datestart,dateend', null, null, null, '0', '2', null);
INSERT INTO `rep_sub_menu_item` VALUES ('75', '77', '2', 'EDC แยกตามคลินิค', 'set @datestart= ? ; set @dateend = ? ;\nSELECT\n cln.cln,cln.namecln,\n   \n             ( CASE  WHEN  incoth.income = \'01\' THEN sum(incoth.rcptamt)  \n                WHEN incoth.income = \'02\' THEN sum(incoth.rcptamt)  \n                WHEN  incoth.income = \'03\' THEN sum(incoth.rcptamt)  \n                WHEN  incoth.income = \'04\' THEN sum(incoth.rcptamt)  \n                WHEN incoth.income = \'05\' THEN sum(incoth.rcptamt) \n                WHEN  incoth.income = \'06\' THEN sum(incoth.rcptamt)  \n                WHEN incoth.income = \'07\' THEN sum(incoth.rcptamt)  \n                WHEN  incoth.income = \'08\' THEN sum(incoth.rcptamt)  \n                WHEN incoth.income = \'09\' THEN sum(incoth.rcptamt) \n                WHEN  incoth.income = \'10\' THEN sum(incoth.rcptamt)  \n                WHEN  incoth.income = \'11\' THEN sum(incoth.rcptamt)  \n                WHEN incoth.income = \'12\' THEN sum(incoth.rcptamt)  \n                WHEN  incoth.income = \'13\' THEN sum(incoth.rcptamt)  \n                WHEN incoth.income = \'14\' THEN sum(incoth.rcptamt)  \n                WHEN  incoth.income = \'15\' THEN sum(incoth.rcptamt)  \n                WHEN incoth.income = \'16\' THEN sum(incoth.rcptamt) \n                WHEN  incoth.income = \'17\' THEN sum(incoth.rcptamt)  \n                WHEN  incoth.income = \'18\' THEN sum(incoth.rcptamt)  \n                WHEN incoth.income = \'19\' THEN sum(incoth.rcptamt) \n                WHEN  incoth.income = \'20\' THEN sum(incoth.rcptamt)  \n                WHEN incoth.income = \'21\' THEN sum(incoth.rcptamt)  \n                 ELSE 0\n              END) AS amount\n \n\nFROM\nincoth\n\nINNER JOIN inspt ON inspt.vn = incoth.vn\nleft JOIN income ON income.costcenter= incoth.income\nINNER JOIN ovst on ovst.vn = incoth.vn\n INNER JOIN cln on cln.cln = ovst.cln\nwhere  DATE_FORMAT(incoth.date,\'%Y-%m-%d\')between @datestart  and @dateend           and inspt.permitno <> \'\'                GROUP BY cln.cln,cln.namecln\nUNION\nSELECT\n\'\' as cln,\'รวม\' as namecln,\n   \n            sum(incoth.rcptamt) AS amount\n \n\nFROM\nincoth\n\nINNER JOIN inspt ON inspt.vn = incoth.vn\nleft JOIN income ON income.costcenter= incoth.income\nINNER JOIN ovst on ovst.vn = incoth.vn\n INNER JOIN cln on cln.cln = ovst.cln\nwhere  DATE_FORMAT(incoth.date,\'%Y-%m-%d\') between @datestart  and @dateend  and inspt.permitno <> \'\'', 'datestart,dateend', null, null, null, '0', '2', null);
INSERT INTO `rep_sub_menu_item` VALUES ('76', '78', '2', 'ค่ารักษารายวัน', 'set @datestart= ? ; set @dateend = ? ;\nSELECT\nincoth.vn,ovst.hn,\nDATE_FORMAT(incoth.date,\'%Y-%m-%d\') as date,incoth.time ,\nincoth.pttype, \ncln.cln,\ncln.namecln,\nincoth.income,\nincome.nameinc ,\nincoth.rcptamt\nFROM\nincoth\nleft JOIN income ON income.costcenter = incoth.income\nINNER JOIN ovst on ovst.vn = incoth.vn\n INNER JOIN cln on cln.cln = ovst.cln\nwhere  DATE_FORMAT(incoth.date,\'%Y-%m-%d\') between @datestart  and @dateend\n ', 'datestart,dateend', null, 'HI', 'ข้อมูลควรค้นวันต่อวัน เนื่องจากข้อมูลค่ารักษาจะถูกประมวลทุกสิทธิ', '0', '2', null);
INSERT INTO `rep_sub_menu_item` VALUES ('77', '79', '2', 'ค่ารักษารายคลินิค', 'set @datestart= ? ; set @dateend = ? ;\nSELECT\n cln.cln,cln.namecln,\n   \n             ( CASE  WHEN  incoth.income = \'01\' THEN sum(incoth.rcptamt)  \n                WHEN incoth.income = \'02\' THEN sum(incoth.rcptamt)  \n                WHEN  incoth.income = \'03\' THEN sum(incoth.rcptamt)  \n                WHEN  incoth.income = \'04\' THEN sum(incoth.rcptamt)  \n                WHEN incoth.income = \'05\' THEN sum(incoth.rcptamt) \n                WHEN  incoth.income = \'06\' THEN sum(incoth.rcptamt)  \n                WHEN incoth.income = \'07\' THEN sum(incoth.rcptamt)  \n                WHEN  incoth.income = \'08\' THEN sum(incoth.rcptamt)  \n                WHEN incoth.income = \'09\' THEN sum(incoth.rcptamt) \n                WHEN  incoth.income = \'10\' THEN sum(incoth.rcptamt)  \n                WHEN  incoth.income = \'11\' THEN sum(incoth.rcptamt)  \n                WHEN incoth.income = \'12\' THEN sum(incoth.rcptamt)  \n                WHEN  incoth.income = \'13\' THEN sum(incoth.rcptamt)  \n                WHEN incoth.income = \'14\' THEN sum(incoth.rcptamt)  \n                WHEN  incoth.income = \'15\' THEN sum(incoth.rcptamt)  \n                WHEN incoth.income = \'16\' THEN sum(incoth.rcptamt) \n                WHEN  incoth.income = \'17\' THEN sum(incoth.rcptamt)  \n                WHEN  incoth.income = \'18\' THEN sum(incoth.rcptamt)  \n                WHEN incoth.income = \'19\' THEN sum(incoth.rcptamt) \n                WHEN  incoth.income = \'20\' THEN sum(incoth.rcptamt)  \n                WHEN incoth.income = \'21\' THEN sum(incoth.rcptamt)  \n                 ELSE 0\n              END) AS amount\n \n\nFROM\nincoth\n \nleft JOIN income ON income.costcenter= incoth.income\nINNER JOIN ovst on ovst.vn = incoth.vn\n INNER JOIN cln on cln.cln = ovst.cln\nwhere  DATE_FORMAT(incoth.date,\'%Y-%m-%d\')between @datestart  and @dateend                        GROUP BY cln.cln,cln.namecln\nUNION\nSELECT\n\'\' as cln,\'รวม\' as namecln,\n   \n            sum(incoth.rcptamt) AS amount\n \n\nFROM\nincoth\n\n \nleft JOIN income ON income.costcenter= incoth.income\nINNER JOIN ovst on ovst.vn = incoth.vn\n INNER JOIN cln on cln.cln = ovst.cln\nwhere  DATE_FORMAT(incoth.date,\'%Y-%m-%d\') between @datestart  and @dateend   ', 'datestart,dateend', null, 'HI', 'ข้อมูลควรค้นวันต่อวัน เนื่องจากข้อมูลค่ารักษาจะถูกประมวลทุกสิทธิ', '0', '2', null);
INSERT INTO `rep_sub_menu_item` VALUES ('78', '80', '2', 'EDC สรุปรายHN', 'SELECT\n\n @row:=@row+1 AS num ,\n b.hn,\nb.rcptamt\n\nfrom(\nSELECT\n\n a.hn,\nsum(a.rcptamt) as rcptamt\n\nfrom(SELECT\nincoth.vn,inspt.hn,\nDATE_FORMAT(incoth.date,\'%Y-%m-%d\') as date,incoth.time ,\nincoth.pttype, \n \n\n \ncln.cln,\ncln.namecln,\nincoth.income,\nincome.namecost,\nincoth.rcptamt\n\nFROM\nincoth\n\nINNER JOIN inspt ON inspt.vn = incoth.vn\nleft JOIN income ON income.costcenter= incoth.income\nINNER JOIN ovst on ovst.vn = incoth.vn\n INNER JOIN cln on cln.cln = ovst.cln\nwhere  DATE_FORMAT(incoth.date,\'%Y-%m-%d\') between ? and ? and inspt.permitno <> \'\' \n order by  hn  asc) as a    GROUP BY hn   ,(SELECT @row:=0)) as b', 'datestart,dateend', null, null, null, null, null, null);
INSERT INTO `rep_sub_menu_item` VALUES ('79', '81', '1', 'OP VISIT', 'SELECT\na.yearbudget,\na.total\nfrom(\nSELECT if(month(o.vstdttm) < 10, year(o.vstdttm),\nyear(o.vstdttm)) as yearbudget,count(o.vn) as total FROM ovst AS o WHERE o.an = 0 \n GROUP BY yearbudget ORDER BY yearbudget DESC LIMIT 4) as a  where a.yearbudget <> \'2043\'', null, null, null, null, '0', '1', null);
INSERT INTO `rep_sub_menu_item` VALUES ('80', '82', '2', 'NO  Approve ', 'SELECT\n \n\nDATE_FORMAT(ovst.vstdttm,\'%d-%m-%Y\') as vstdttm,\ntime(ovst.vstdttm) as vsttime,\novst.hn,\novst.pttype,cln.namecln,\n\nif(ovst.an = 0,\'ผู้ป่วยนอก\' ,\'ผู้ป่วยใน\') AS place\n \n \nFROM\novst\nLEFT JOIN inspt ON inspt.vn = ovst.vn\nINNER JOIN cln ON cln.cln = ovst.cln\nWHERE\ndate(ovst.vstdttm)   between ? and  ?  and\novst.pttype = \'21\'  AND\ninspt.permitno IS NULL\nORDER BY  vstdttm,vsttime', 'datestart,dateend', null, 'HI', 'รายงานสิทธิ 21 ที่ไม่เลข   Approve  หรือที่ ไม่ผ่านที่ห้องบัตร', '0', '2', null);
INSERT INTO `rep_sub_menu_item` VALUES ('81', '83', '10', 'OR_ANS_DATE', ' select \nDATE_FORMAT(lor.ansstrdate,\'%Y-%m-%d\') as ansstrdate,\nlor.ansstrtime,\nlor.ansstptime,\n\nlor.ans_dc as dr_ans,lor.fname,lor.lname,\nlor.icd9cm,lor.icd9name \n\n \nfrom(\nSELECT\n a1.orno,\nDATE_FORMAT(a1.ansstrdate,\'%Y-%m-%d\') as ansstrdate\n, a1.ansstptime,a1.hn, GROUP_CONCAT(a1.icd9cm) as icd9cm ,GROUP_CONCAT(cm.icd9name) as \nicd9name    ,a1.nameidpm,a1.idpm,a1.dct2,a1.dct,d.fname,d.lname,a1.ansstrtime,a1.ans_dc\nfrom(SELECT\ndate(o.ansstrdate) as ansstrdate,\ntime(o.ansstrdate)as ansstrtime,\ntime(o.ansstpdate) as ansstptime,\n\nopr.icd9cm,\ni.ward,\nid.nameidpm ,\no.orno ,\no.dct,\no.optype ,\no.hn,\nid.idpm,\n \n0.dct2,\nans.dct as ans_dc\n \nFROM\nors AS o\nINNER JOIN op AS opr ON opr.orno = o.orno\nINNER JOIN anes_dct ans on ans.orno = o.orno\nINNER JOIN ipt AS i ON i.vn = o.vn AND i.an = o.an AND i.hn = o.hn\nINNER JOIN idpm as id ON id.idpm = i.ward\n \nWHERE\n\ndate(o.opstrdate) BETWEEN ? and ? and ans.dct = ? GROUP BY o.orno ORDER BY o.orno asc   )as a1 \nINNER JOIN icd9cm2 cm on cm.icd9cm  = a1.icd9cm \n\nINNER JOIN  dct d on d.lcno = a1.ans_dc\n \n GROUP BY a1.orno  ORDER BY a1.orno  asc ) lor    ', 'datestart,dateend,dct', null, 'HI', null, '0', '1', null);
INSERT INTO `rep_sub_menu_item` VALUES ('82', '84', '2', 'ลูกหนี้ข้าราชการ', 'select  r.d,\n	 case r.m \n		when 1 then \' มกราคม \'\n		when 2 then \' กุมภาพันธ์ \'\n		when 3 then \' มีนาคม \'\n		when 4 then \' เมษายน \'\n		when 5 then \' พฤษภาคม \'\n		when 6 then \' มิถุนายน \'\n		when 7 then \' กรกฎาคม \'\n		when 8 then \' สิงหาคม \'\n		when 9 then \' กันยายน \'\n		when 10 then \' ตุลาคม \'\n		when 11 then \' พฤศจิกายน \'\n		when 12 then \' ธันวาคม \'\n else \'\' end as mo , y+543 as y,\nr.HN,\nr.CID,\nconcat(ifnull(l.prename,r.pname),r.`name`) as fullname,\nr.age,\nr.total,\nr.paid,\nr.credit,\nr.approve_code,\nr.cashier as staff\nfrom \n(select \nDATE_FORMAT(o.vstdttm,\'%d\') as d,\nDATE_FORMAT(o.vstdttm,\'%m\')  as m,\nDATE_FORMAT(o.vstdttm,\'%Y\') as y,\no.hn as HN,\np.pop_id as CID,\nif(p.pname != \'\',p.pname,\n	(CASE p.male \n		WHEN 1 THEN \n			IF( p.mrtlst < 6, IF( TIMESTAMPDIFF(year,p.brthdate,NOW() ) < 15, \'001\', \'003\' ),\n				IF(  TIMESTAMPDIFF(year,p.brthdate,NOW()) < 20, \'823\', \'831\' )) \n		WHEN 2 THEN \n			IF( p.mrtlst = 1,IF(  TIMESTAMPDIFF(year,p.brthdate,NOW() ) < 15, \'002\', \'004\' ),\n				IF ( p.mrtlst < 6, \'005\', \'863\' )) END)) as pname\n,\nconcat(p.fname,\' \',p.lname) as `name`,\ntimestampdiff(year,p.brthdate,o.vstdttm) as age,\nsum(i.rcptamt) as total,\nifnull(r.amnt,0.00) as paid,\n(sum(i.rcptamt)-ifnull(r.amnt,0)) as credit,\ns.permitno as approve_code,\nconcat(c.fname,\' \',c.lname,\' \',c.pstn) as cashier\nfrom \nhi.ovst as o \ninner join hi.pt as p on o.hn=p.hn \ninner join hi.incoth as i on o.vn=i.vn \ninner join hi.pttype as t on o.pttype=t.pttype and t.inscl = \'OFC\'\nleft join hi.inspt as s on o.vn=s.vn \nleft join hi.rcpt as r on o.vn=r.vn\nleft join hi.rcstaff as c on r.staff=c.staff\nwhere date(o.vstdttm)  BETWEEN   ?  and ?\ngroup by o.vn\n) as r \nleft join hi.l_prename as l on r.pname=l.prename_code', 'datestart,dateend', null, null, null, '0', '2', null);
INSERT INTO `rep_sub_menu_item` VALUES ('83', '85', '13', 'TB+DRUG', 'SELECT\n o.hn,o.vn,o.an,\n DATE_FORMAT(o.vstdttm,\'%d-%m-%Y\')  as vstdttm,\ntime(o.vstdttm) as vsttime,\na.meditem,a.nameprscdt,\na.qty\n\nfrom\n(SELECT\nprscdt.meditem,\nprscdt.nameprscdt,\nprsc.vn,\n\nprscdt.qty\nFROM\nprsc\nINNER JOIN prscdt ON prscdt.prscno = prsc.prscno\nwhere  prscdt.meditem in( \'36433\',\n\'37355\',\n\'36698\',\n\'36469\',\n\'286\',\n\'487\',\n\'488\',\n\'478\', \n\n\'221\',\n\'36431\') and prsc.vn <> \'\' ) as a \n inner JOIN ovst o on o.vn = a.vn  \nwhere  DATE_FORMAT(o.vstdttm,\'%Y-%m-%d\') between  ? and ?\n \n ORDER BY hn ,o.vstdttm asc ', 'datestart,dateend', null, 'HI ', 'รายงานแสดงผู้รับยา  TB  ทุก  CASE  โดย ไม่เจาะจงเรื่อง  DX', '0', '2', null);
INSERT INTO `rep_sub_menu_item` VALUES ('84', '85', '13', 'TB+DRUG', 'SELECT\n o.hn,o.vn,o.an,\n DATE_FORMAT(o.vstdttm,\'%d-%m-%Y\')  as vstdttm,\ntime(o.vstdttm) as vsttime,\na.meditem,a.nameprscdt,\na.qty\n\nfrom\n(SELECT\nprscdt.meditem,\nprscdt.nameprscdt,\nprsc.vn,\n\nprscdt.qty\nFROM\nprsc\nINNER JOIN prscdt ON prscdt.prscno = prsc.prscno\nwhere  prscdt.meditem in( \'36433\',\n\'37355\',\n\'36698\',\n\'36469\',\n\'286\',\n\'487\',\n\'488\',\n\'478\', \n\n\'221\',\n\'36431\') and prsc.vn <> \'\' ) as a \n inner JOIN ovst o on o.vn = a.vn  \nwhere  DATE_FORMAT(o.vstdttm,\'%Y-%m-%d\') between  ? and ?\n \n ORDER BY hn ,o.vstdttm asc ', 'datestart,dateend', null, 'HI ', 'รายงานแสดงผู้รับยา  TB  ทุก  CASE  โดย ไม่เจาะจงเรื่อง  DX', '0', '2', null);
INSERT INTO `rep_sub_menu_item` VALUES ('85', null, '1', 'คัดกรองซืมเศร้า F32 - F39', 'SELECT \n-- ovst.vn,\n-- ovst.hn,\ndate(ovst.vstdttm) AS \'วันที่\',\n-- pt.pname AS \'คำนำหน้า\',\nCASE\nwhen pt.pname<>\'\'then pt.pname\nwhen year(now())-year(pt.brthdate) <15 and pt.male=\'1\' then \'ด.ช.\'\nwhen year(now())-year(pt.brthdate) <15 and pt.male=\'2\' then \'ด.ญ.\'\nwhen year(now())-year(pt.brthdate) >=15 and pt.male=\'1\'and pt.mrtlst <> 6 then \'นาย\'\nwhen year(now())-year(pt.brthdate) >=15 and pt.male=\'2\'and pt.mrtlst=1 then \'น.ส.\'\nwhen year(now())-year(pt.brthdate) >=15 and pt.male=\'2\'and pt.mrtlst<>1 and pt.mrtlst<>6 then \'นาง\'\nwhen year(now())-year(pt.brthdate) <15 and pt.male=\'1\'and pt.mrtlst=6 then \'สมเณร\'\nwhen year(now())-year(pt.brthdate) >=15 and pt.male=\'1\'and pt.mrtlst=6 then \'พระภิกษุ\'\nwhen year(now())-year(pt.brthdate) >=15 and pt.male=\'2\'and pt.mrtlst=6 then \'แม่ซี\'\nend AS \'คำนำหน้า\',\npt.fname AS \'ชื่อ\',\npt.lname AS \'นามสกุล\',\nIF(pt.male = \'1\',\'ชาย\',\'หญิง\') AS \'เพศ\',\npt.pop_id AS \'หมายเลขบัตรประชาชน\',\nyear(ovst.vstdttm)-YEAR(date(pt.brthdate)) AS \'อายุ\',\n\'\' AS \'คะแนน 9Q\',\n\'\' AS \'คะแนน 8Q\',\n\'1\' AS \'รหัสกลุ่มเสี่ยง\',\novstdx.icd10 AS \'รหัสโรคซึมเศร้า\',\npt.chwpart AS \'รหัสจังหวัดตามทะเบียนบ้านผู้ป่วย\'\nfrom ovst\nLEFT JOIN pt on ovst.hn = pt.hn\nLEFT JOIN ovstdx on ovstdx.vn = ovst.vn\nwhere DATE(ovst.vstdttm) BETWEEN ? and ?\nand ovstdx.icd10 in (\'F32\',\'F320\',\'F33\',\'F341\',\'F38\',\'F39\')\nORDER BY ovstdx.vn', 'datestart,dateend', null, null, 'รายงานจากความต้องการ ของโรงพยาบาล', '0', '2', null);
INSERT INTO `rep_sub_menu_item` VALUES ('86', null, '8', 'Stroke Stemi and Head injury', 'set @datestr = ?;\nset @datestp = ?;\nselect \ndx,\ncount(distinct vn) as total,\ncount(distinct case ovstost when \'2\' then vn end) as death,\ncount(distinct case ovstost when \'3\' then vn end) as refer,\ncount(distinct case ovstost when \'4\' then vn end) as admit\nfrom\n(select \no.vn,\nif(x.icd10 like \'S0%\',\'Head Injury\',\'Stroke,Stemi\') as dx,\no.ovstost\nfrom \nhi.ovst as o \ninner join hi.ovstdx as x on o.vn = x. vn and (x.icd10 like \'S0%\' or x.icd10 like \'I21%\' or icd10 like \'I64%\')\nwhere \no.vstdttm between @datestr and @datestp) as r group by dx', 'datestart,dateend', null, null, null, '0', '2', null);

-- ----------------------------
-- Table structure for rep_users
-- ----------------------------
DROP TABLE IF EXISTS `rep_users`;
CREATE TABLE `rep_users` (
  `id_user` int(4) NOT NULL AUTO_INCREMENT,
  `cid` varchar(13) NOT NULL,
  `fullname` varchar(200) NOT NULL,
  `username` varchar(50) CHARACTER SET latin1 NOT NULL,
  `password` varchar(100) CHARACTER SET latin1 NOT NULL,
  `device_token` varchar(255) DEFAULT NULL,
  `is_accept` char(1) DEFAULT 'Y',
  `level_id` int(11) DEFAULT NULL,
  `query_group` varchar(255) DEFAULT NULL,
  PRIMARY KEY (`id_user`)
) ENGINE=MyISAM AUTO_INCREMENT=14 DEFAULT CHARSET=utf8;

-- ----------------------------
-- Records of rep_users
-- ----------------------------
INSERT INTO `rep_users` VALUES ('1', '3341200274298', 'Administartor', 'admin', 'admin!123', null, 'Y', '4', '');
INSERT INTO `rep_users` VALUES ('2', '3341200274298', 'Supervisor', 'supervisor', '123456', null, 'Y', '3', '');
INSERT INTO `rep_users` VALUES ('3', '3341200274298', 'User', 'user', '123456', null, 'Y', '2', '');
INSERT INTO `rep_users` VALUES ('4', '3341200274298', 'Geust', 'geust', '123456', null, 'Y', '1', '');
INSERT INTO `rep_users` VALUES ('5', '3341200274298', 'Pcu', 'pcu', '123456', '', 'Y', '3', '12');
